1,002316,亚联发展,详细,0.0922,16.57亿,667.46,36.80,3625万,189.62,7.87,2.2149,4.26,1.1038,34.59,不分配不转增,电子信息,09-29,http://data.eastmoney.com/bbsj/002316.html
2,002152,广电运通,详细,0.14,21.19亿,38.51,6.41,3.44亿,-35.37,-18.31,3.53,3.80,-0.1852,42.99,不分配不转增,电子信息,09-29,http://data.eastmoney.com/bbsj/002152.html
3,002161,远望谷,详细,-0.0948,1.96亿,-9.72,57.69,-7011万,-213.95,-111.57,2.0549,-4.24,-0.1267,33.83,不分配不转增,电子信息,09-29,http://data.eastmoney.com/bbsj/002161.html
4,000528,柳工,详细,0.5295,97.54亿,65.55,18.08,5.96亿,129.52,5.73,8.3875,6.33,-0.3286,22.98,10转3.00,机械行业,09-29,http://data.eastmoney.com/bbsj/000528.html
5,002621,三垒股份,详细,0.02,9755万,62.99,50.91,759万,-13.18,238.14,3.4194,0.75,0.0412,35.09,不分配不转增,机械行业,09-28,http://data.eastmoney.com/bbsj/002621.html
6,300025,华星创业,详细,-0.07,6.36亿,1.26,-5.23,-3121万,-220.68,-48.31,1.6588,-4.30,0.0049,13.84,不分配不转增,通讯行业,09-27,http://data.eastmoney.com/bbsj/300025.html
7,600746,江苏索普,详细,-0.0088,2.70亿,-33.33,-7.26,-270万,-104.47,122.04,1.5179,-0.54,0.0914,4.82,不分配不转增,化工行业,09-27,http://data.eastmoney.com/bbsj/600746.html
8,600122,宏图高科,详细,0.1,81.96亿,-4.26,-12.66,1.19亿,-46.16,-73.11,7.0926,1.44,-1.5331,8.27,不分配不转增,商业百货,09-27,http://data.eastmoney.com/bbsj/600122.html
9,002940,昂利康,详细,1.25,6.14亿,-,-,8449万,-,-,6.308,20.52,0.7585,68.72,-,医药制造,09-26,http://data.eastmoney.com/bbsj/002940.html
10,300694,蠡湖股份,详细,0.36,5.20亿,-,-,5880万,-,-,4.1009,9.29,0.3287,28.34,-,汽车行业,09-26,http://data.eastmoney.com/bbsj/300694.html
11,601231,环旭电子,详细,0.18,128亿,-0.67,5.67,3.92亿,-29.48,9.54,3.9618,4.51,0.0228,10.47,不分配不转增,电子元件,09-26,http://data.eastmoney.com/bbsj/601231.html
12,600172,黄河旋风,详细,0.083,17.32亿,32.74,61.42,1.23亿,42.09,227.52,3.3205,2.53,-0.0393,32.11,不分配不转增,材料行业,09-26,http://data.eastmoney.com/bbsj/600172.html
13,000711,京蓝科技,详细,0.12,11.24亿,135.35,765.26,1.08亿,7.44,334.73,4.963,2.52,-0.6784,31.37,不分配不转增,园林工程,09-25,http://data.eastmoney.com/bbsj/000711.html
14,002939,长城证券,详细,0.11,13.75亿,-8.49,-,3.12亿,-35.88,-,5.1835,2.17,-0.2764,-,-,券商信托,09-25,http://data.eastmoney.com/bbsj/002939.html
15,000677,恒天海龙,详细,0.0024,3.34亿,23.23,21.46,203万,-29.90,619.92,0.3177,0.74,0.0057,11.76,不分配不转增,化纤行业,09-22,http://data.eastmoney.com/bbsj/000677.html
16,603708,家家悦,详细,0.41,62.27亿,11.84,-9.06,1.94亿,35.63,-40.56,5.3105,7.71,0.5141,21.47,不分配不转增,商业百货,09-22,http://data.eastmoney.com/bbsj/603708.html
17,603628,清源股份,详细,0.03,3.41亿,-7.69,49.23,864万,-64.11,116.11,3.3969,0.92,-0.2402,28.31,不分配不转增,电子元件,09-22,http://data.eastmoney.com/bbsj/603628.html
18,300366,创意信息,详细,0.0796,4.98亿,-3.83,7.26,4185万,-30.61,-14.32,5.7024,1.41,-0.2623,28.85,不分配不转增,电子信息,09-22,http://data.eastmoney.com/bbsj/300366.html
19,600545,卓郎智能,详细,0.1915,46.27亿,13.98,2.39,3.63亿,30.35,56.68,1.3424,15.22,-0.9968,26.85,不分配不转增,专用设备,09-19,http://data.eastmoney.com/bbsj/600545.html
20,000793,华闻传媒,详细,0.0409,14.37亿,-2.47,-3.58,8185万,-77.23,186.78,4.9101,0.83,-0.1796,27.87,不分配不转增,文化传媒,09-15,http://data.eastmoney.com/bbsj/000793.html
21,601113,华鼎股份,详细,0.13,24.78亿,101.45,140.51,1.29亿,456.01,260.84,4.9974,2.79,0.0869,22.57,不分配不转增,化纤行业,09-13,http://data.eastmoney.com/bbsj/601113.html
22,600881,亚泰集团,详细,0.02,64.23亿,24.65,29.61,7954万,12.25,258.92,4.5871,0.53,0.2979,29.31,不分配不转增,水泥建材,09-13,http://data.eastmoney.com/bbsj/600881.html
23,000957,中通客车,详细,0.05,24.01亿,5.37,77.98,3056万,-50.36,2347.84,4.5591,1.09,-0.5129,14.59,不分配不转增,汽车行业,09-13,http://data.eastmoney.com/bbsj/000957.html
24,300749,顶固集创,详细,0.28,3.17亿,6.33,-,2427万,352.04,-,4.3678,6.72,-0.1385,38.01,-,木业家具,09-12,http://data.eastmoney.com/bbsj/300749.html
25,600090,同济堂,详细,0.16,51.74亿,12.44,12.62,2.29亿,-6.69,-27.56,4.2037,3.86,-0.3895,13.17,10派2.00,医疗行业,09-12,http://data.eastmoney.com/bbsj/600090.html
26,002937,兴瑞科技,详细,0.35,4.77亿,-,-,4832万,-,-,2.725,12.90,0.2611,26.30,-,电子元件,09-11,http://data.eastmoney.com/bbsj/002937.html
27,600060,海信电器,详细,0.265,140亿,3.28,-20.62,3.47亿,-12.34,-77.45,10.8487,2.52,0.9675,14.91,不分配不转增,家电行业,09-11,http://data.eastmoney.com/bbsj/600060.html
28,600029,南方航空,详细,0.21,676亿,11.98,-1.90,21.37亿,-22.80,-116.00,5.1059,4.17,0.9311,11.01,不分配不转增,民航机场,09-11,http://data.eastmoney.com/bbsj/600029.html
29,600220,江苏阳光,详细,0.0232,10.57亿,6.40,62.83,4139万,17.30,532.21,1.1778,1.98,0.1003,21.03,不分配不转增,纺织服装,09-11,http://data.eastmoney.com/bbsj/600220.html
30,603585,苏利股份,详细,0.85,8.12亿,10.71,13.38,1.53亿,34.64,56.69,8.8728,9.56,1.2529,41.70,不分配不转增,化工行业,09-11,http://data.eastmoney.com/bbsj/603585.html
31,300525,博思软件,详细,-0.1146,1.14亿,51.11,84.67,-1406万,-388.95,89.70,3.4868,-2.96,-0.7356,61.48,不分配不转增,软件服务,09-10,http://data.eastmoney.com/bbsj/300525.html
32,002224,三力士,详细,0.1,4.17亿,0.41,31.11,6644万,-21.86,148.89,2.6167,3.88,-0.0228,34.24,不分配不转增,塑胶制品,09-07,http://data.eastmoney.com/bbsj/002224.html
33,600145,*ST新亿,详细,0.034,1576万,-36.95,-,4669万,1046.67,4297.15,0.451,0.02,-0.0005,9.65,不分配不转增,玻璃陶瓷,09-07,http://data.eastmoney.com/bbsj/600145.html
34,000987,越秀金控,详细,0.084,25.86亿,10.72,1.92,1.88亿,-27.13,-30.96,5.7881,1.45,0.745,-,不分配不转增,多元金融,09-07,http://data.eastmoney.com/bbsj/000987.html
35,300740,御家汇,详细,0.35,9.81亿,57.78,56.87,6503万,19.05,21.67,4.8796,5.97,0.4376,53.77,不分配不转增,化工行业,09-06,http://data.eastmoney.com/bbsj/300740.html
36,002366,台海核电,详细,0.5,9.72亿,-7.57,9.28,4.37亿,2.60,37.70,3.568,14.68,-0.064,69.95,不分配不转增,机械行业,09-05,http://data.eastmoney.com/bbsj/002366.html
37,300748,金力永磁,详细,0.14,6.16亿,62.94,-,5218万,-22.19,-,2.2328,6.38,0.1093,20.94,-,材料行业,09-05,http://data.eastmoney.com/bbsj/300748.html
38,603963,大理药业,详细,0.01,2.03亿,56.04,-15.61,88.58万,-97.16,-189.78,4.5431,0.19,0.3579,81.01,不分配不转增,医药制造,09-05,http://data.eastmoney.com/bbsj/603963.html
39,600179,安通控股,详细,0.23,46.15亿,79.80,40.31,3.38亿,48.01,-1.26,2.1727,10.67,0.2947,14.11,不分配不转增,交运物流,09-05,http://data.eastmoney.com/bbsj/600179.html
40,603810,丰山集团,详细,1.43,8.02亿,-,-,8558万,-,-,10.0798,14.87,0.8673,25.93,-,农药兽药,09-04,http://data.eastmoney.com/bbsj/603810.html
41,300356,光一科技,详细,0.0437,1.56亿,-24.36,152.19,1815万,835.24,293.78,2.5371,1.74,-0.1938,36.12,不分配不转增,输配电气,09-03,http://data.eastmoney.com/bbsj/300356.html
42,300063,天龙集团,详细,0.1065,38.14亿,29.40,0.97,7733万,3.59,181.33,2.7036,4.02,-0.0446,8.17,不分配不转增,化工行业,09-01,http://data.eastmoney.com/bbsj/300063.html
43,002246,北化股份,详细,0.11,10.04亿,14.52,112.77,6102万,18.81,2281.97,4.217,2.67,-0.0356,23.55,不分配不转增,化工行业,09-01,http://data.eastmoney.com/bbsj/002246.html
44,002683,宏大爆破,详细,0.1318,18.62亿,17.28,68.77,9242万,14.93,830.42,4.3248,3.05,0.2639,21.23,不分配不转增,化工行业,09-01,http://data.eastmoney.com/bbsj/002683.html
45,600692,亚通股份,详细,0.0667,3.70亿,-45.46,9.82,2346万,7.20,92.23,2.0507,3.31,-0.6032,22.65,不分配不转增,房地产,09-01,http://data.eastmoney.com/bbsj/600692.html
46,000797,中国武夷,详细,0.079,10.31亿,9.84,-18.57,7956万,46.92,5.84,4.7732,1.47,-1.1719,22.76,不分配不转增,房地产,09-01,http://data.eastmoney.com/bbsj/000797.html
47,601012,隆基股份,详细,0.47,100亿,59.36,88.24,13.07亿,5.73,40.62,5.1997,8.84,0.4187,22.62,不分配不转增,材料行业,08-31,http://data.eastmoney.com/bbsj/601012.html
48,002492,恒基达鑫,详细,0.0816,1.25亿,16.51,25.75,3306万,-14.79,101.47,3.0091,2.71,-0.0942,48.06,不分配不转增,交运物流,08-31,http://data.eastmoney.com/bbsj/002492.html
49,002323,*ST百特,详细,0.0083,2.48亿,-60.32,-25.78,616万,-94.71,-25.88,1.1202,0.73,0.073,24.34,不分配不转增,工程建设,08-31,http://data.eastmoney.com/bbsj/002323.html
50,601801,皖新传媒,详细,0.44,43.77亿,15.59,-6.03,8.74亿,5.27,-67.34,4.9377,9.28,0.0714,19.50,不分配不转增,文化传媒,08-31,http://data.eastmoney.com/bbsj/601801.html
51,601996,丰林集团,详细,0.07,6.46亿,6.07,22.35,6812万,1.95,36.59,1.9889,3.56,0.0183,23.05,不分配不转增,木业家具,08-31,http://data.eastmoney.com/bbsj/601996.html
52,601886,江河集团,详细,0.27,72.15亿,9.48,38.27,3.15亿,30.46,130.24,5.8885,4.53,-0.8541,16.88,不分配不转增,装修装饰,08-31,http://data.eastmoney.com/bbsj/601886.html
53,002488,金固股份,详细,0.12,14.79亿,13.28,38.68,8422万,229.46,30.24,6.2497,2.01,-0.7803,20.78,10转5.00派1.50,汽车行业,08-31,http://data.eastmoney.com/bbsj/002488.html
54,601618,中国中冶,详细,0.12,1261亿,24.76,28.48,29.07亿,8.69,-24.96,3.1489,3.75,-0.3912,12.27,不分配不转增,工程建设,08-31,http://data.eastmoney.com/bbsj/601618.html
55,002340,格林美,详细,0.11,70.26亿,63.92,30.55,4.11亿,50.83,40.36,2.0512,5.33,0.1107,20.09,不分配不转增,材料行业,08-31,http://data.eastmoney.com/bbsj/002340.html
56,002474,榕基软件,详细,0.0405,3.46亿,15.95,23.27,2522万,21.27,-26.98,2.3207,1.76,-0.0858,30.44,不分配不转增,软件服务,08-31,http://data.eastmoney.com/bbsj/002474.html
57,601258,庞大集团,详细,0.04,271亿,-17.65,-8.02,2.59亿,-12.82,364.58,2.114,1.93,-1.034,8.82,不分配不转增,商业百货,08-31,http://data.eastmoney.com/bbsj/601258.html
58,002266,浙富控股,详细,0.0322,5.30亿,-1.11,34.52,6371万,23.85,174.01,1.6033,2.04,-0.0905,20.91,不分配不转增,机械行业,08-31,http://data.eastmoney.com/bbsj/002266.html
59,601186,中国铁建,详细,0.56,3090亿,6.93,34.70,80.09亿,22.78,34.06,10.2815,5.53,-3.3792,9.70,不分配不转增,工程建设,08-31,http://data.eastmoney.com/bbsj/601186.html
60,601558,ST锐电,详细,0.0007,3.09亿,1157.68,1761.95,405万,-99.07,205.20,0.2157,0.31,-0.0496,15.05,不分配不转增,输配电气,08-31,http://data.eastmoney.com/bbsj/601558.html
61,002180,纳思达,详细,0.2957,104亿,-6.32,6.63,3.13亿,130.78,166.94,3.9963,7.45,0.5221,37.94,不分配不转增,电子元件,08-31,http://data.eastmoney.com/bbsj/002180.html
62,601390,中国中铁,详细,0.394,3161亿,5.27,12.96,95.52亿,23.94,98.75,6.6688,6.09,-1.2583,9.99,不分配不转增,工程建设,08-31,http://data.eastmoney.com/bbsj/601390.html
63,002250,联化科技,详细,0.01,18.20亿,-6.07,-16.67,915万,-94.57,-185.14,6.0645,0.16,0.1039,33.31,不分配不转增,化工行业,08-31,http://data.eastmoney.com/bbsj/002250.html
64,601118,海南橡胶,详细,-0.0925,22.17亿,-59.39,2.83,-3.85亿,-210.94,47.72,2.1466,-4.39,-0.1548,8.19,不分配不转增,塑胶制品,08-31,http://data.eastmoney.com/bbsj/601118.html
65,601007,金陵饭店,详细,0.157,4.96亿,16.06,-14.11,4707万,-3.26,98.38,4.8057,3.35,0.4192,64.44,不分配不转增,旅游酒店,08-31,http://data.eastmoney.com/bbsj/601007.html
66,002098,浔兴股份,详细,0.1014,11.44亿,64.01,14.10,3629万,-43.47,901.25,3.4886,2.93,0.0906,35.98,不分配不转增,化纤行业,08-31,http://data.eastmoney.com/bbsj/002098.html
67,002089,新海宜,详细,0.0097,1.91亿,-69.30,11.78,1331万,-76.24,-126.90,1.2757,0.76,0.0445,30.81,不分配不转增,通讯行业,08-31,http://data.eastmoney.com/bbsj/002089.html
68,601669,中国电建,详细,0.2652,1269亿,5.31,4.88,40.57亿,9.16,11.54,4.9288,5.38,-0.879,14.47,不分配不转增,工程建设,08-31,http://data.eastmoney.com/bbsj/601669.html
69,601727,上海电气,详细,0.1199,513亿,24.38,78.36,17.66亿,13.02,68.63,3.832,3.14,-0.7808,19.48,不分配不转增,输配电气,08-31,http://data.eastmoney.com/bbsj/601727.html
70,601111,中国国航,详细,0.25,642亿,11.96,3.25,34.69亿,4.27,-68.03,6.1631,3.92,0.9084,15.55,不分配不转增,民航机场,08-31,http://data.eastmoney.com/bbsj/601111.html
71,601126,四方股份,详细,0.0415,13.11亿,10.53,59.78,3373万,3.15,382.82,4.7201,0.86,-0.125,43.67,不分配不转增,输配电气,08-31,http://data.eastmoney.com/bbsj/601126.html
72,601857,中国石油,详细,0.148,1.11万亿,13.62,4.33,271亿,113.71,66.86,6.603,2.24,0.7986,21.47,10派0.888,石油行业,08-31,http://data.eastmoney.com/bbsj/601857.html
73,000679,大连友谊,详细,-0.209,5.30亿,-52.43,-14.33,-7465万,-846.02,-1345.35,3.5818,-5.16,-0.1363,17.59,不分配不转增,商业百货,08-31,http://data.eastmoney.com/bbsj/000679.html
74,000518,四环生物,详细,0.001,1.81亿,-8.31,10.26,103万,-94.61,-171.15,0.6116,0.16,0.0185,75.68,不分配不转增,医药制造,08-31,http://data.eastmoney.com/bbsj/000518.html
75,000517,荣安地产,详细,0.0548,12.68亿,-65.71,1148.48,1.75亿,-62.84,625.39,1.3597,4.04,0.2843,36.23,不分配不转增,房地产,08-31,http://data.eastmoney.com/bbsj/000517.html
76,000504,南华生物,详细,-0.0496,3600万,153.64,10.58,-1545万,-28.36,-12.64,0.0295,-91.32,-0.0234,66.97,不分配不转增,环保工程,08-31,http://data.eastmoney.com/bbsj/000504.html
77,600887,伊利股份,详细,0.57,399亿,19.26,2.21,34.46亿,2.43,-35.93,4.0334,12.79,0.8691,38.67,不分配不转增,食品饮料,08-31,http://data.eastmoney.com/bbsj/600887.html
78,600877,ST嘉陵,详细,-0.2331,2.01亿,-35.76,4.66,-1.60亿,-312.81,80.41,-0.2152,-,-0.1253,1.84,不分配不转增,交运设备,08-31,http://data.eastmoney.com/bbsj/600877.html
79,600875,东方电气,详细,0.17,165亿,7.57,50.86,5.14亿,5.81,40.76,8.8394,1.93,0.2395,16.11,不分配不转增,输配电气,08-31,http://data.eastmoney.com/bbsj/600875.html
80,600870,*ST厦华,详细,-0.0124,1936万,593.45,-89.29,-649万,-144.72,-46.76,-0.006,-,0.0225,6.66,不分配不转增,电子信息,08-31,http://data.eastmoney.com/bbsj/600870.html
81,000670,盈方微,详细,-0.057,7532万,-52.30,30.34,-4654万,-1041.71,-68.48,0.3994,-13.34,-0.0114,9.22,不分配不转增,电子信息,08-31,http://data.eastmoney.com/bbsj/000670.html
82,000669,金鸿控股,详细,0.27,20.48亿,25.12,7.30,1.82亿,5.39,10.89,6.3256,4.32,0.5177,21.51,不分配不转增,公用事业,08-31,http://data.eastmoney.com/bbsj/000669.html
83,000657,中钨高新,详细,0.1171,38.15亿,24.36,18.15,7363万,25.53,-71.91,5.0434,2.35,-0.488,19.77,不分配不转增,有色金属,08-31,http://data.eastmoney.com/bbsj/000657.html
84,000652,泰达股份,详细,0.0288,66.22亿,-11.26,-18.42,4257万,16.88,525.01,2.5442,1.12,0.3733,3.33,不分配不转增,综合行业,08-31,http://data.eastmoney.com/bbsj/000652.html
85,000651,格力电器,详细,2.13,920亿,31.40,29.87,128亿,35.48,29.43,13.0198,17.80,1.486,30.03,10派6.00,家电行业,08-31,http://data.eastmoney.com/bbsj/000651.html
86,000627,天茂集团,详细,0.17,202亿,-47.25,-72.36,8.48亿,35.42,50.47,3.8292,4.43,2.3369,-,10派0.30,保险,08-31,http://data.eastmoney.com/bbsj/000627.html
87,000626,远大控股,详细,-0.0621,311亿,-36.10,10.24,-3719万,-115.05,72.63,4.2008,-1.47,-2.4099,0.90,不分配不转增,国际贸易,08-31,http://data.eastmoney.com/bbsj/000626.html
88,000616,海航投资,详细,-0.06,8958万,137.50,414.63,-8677万,-324.93,36.08,2.6988,-2.21,0.1746,13.93,不分配不转增,房地产,08-31,http://data.eastmoney.com/bbsj/000616.html
89,000611,天首发展,详细,-0.0922,1409万,-52.79,74.21,-2968万,-254.12,-132.96,1.5173,-5.90,0.2829,-14.23,不分配不转增,有色金属,08-31,http://data.eastmoney.com/bbsj/000611.html
90,000610,西安旅游,详细,-0.0283,3.36亿,7.51,108.92,-671万,7.71,68.48,3.2441,-0.87,-0.2457,6.53,不分配不转增,旅游酒店,08-31,http://data.eastmoney.com/bbsj/000610.html
91,000606,顺利办,详细,0.0784,3.30亿,46.27,20.43,6005万,255.92,-54.85,3.6881,2.16,-0.1383,29.20,不分配不转增,软件服务,08-31,http://data.eastmoney.com/bbsj/000606.html
92,000601,韶能股份,详细,0.1888,16.63亿,-7.68,23.69,2.04亿,-36.69,1.77,4.0923,4.48,0.252,23.61,不分配不转增,电力行业,08-31,http://data.eastmoney.com/bbsj/000601.html
93,000593,大通燃气,详细,0.027,3.06亿,36.98,12.60,963万,3.12,367.61,3.1317,0.87,0.0771,22.64,不分配不转增,公用事业,08-31,http://data.eastmoney.com/bbsj/000593.html
94,600856,中天能源,详细,0.1336,29.26亿,-14.66,-21.22,1.64亿,-39.68,-76.54,3.5816,3.31,0.1114,22.14,不分配不转增,石油行业,08-31,http://data.eastmoney.com/bbsj/600856.html
95,600853,龙建股份,详细,0.0358,24.66亿,-18.02,219.70,2114万,11.33,547.04,2.2112,1.77,-1.0866,11.20,10派0.10,工程建设,08-31,http://data.eastmoney.com/bbsj/600853.html
96,900924,上工B股,详细,0.1826,14.95亿,-2.46,13.13,1.00亿,-20.49,20.18,4.0361,4.56,-0.1052,29.59,不分配不转增,机械行业,08-31,http://data.eastmoney.com/bbsj/900924.html
97,600843,上工申贝,详细,0.1826,14.95亿,-2.46,13.13,1.00亿,-20.49,20.18,4.0361,4.56,-0.1052,29.59,不分配不转增,机械行业,08-31,http://data.eastmoney.com/bbsj/600843.html
98,000737,*ST南风,详细,-0.2082,10.35亿,10.17,2.20,-1.14亿,28.59,-55.03,-0.6651,-,-0.0998,24.43,不分配不转增,化工行业,08-31,http://data.eastmoney.com/bbsj/000737.html
99,000729,燕京啤酒,详细,0.18,63.75亿,0.57,-5.64,5.07亿,3.06,735.60,4.7388,3.87,0.3834,42.42,不分配不转增,酿酒行业,08-31,http://data.eastmoney.com/bbsj/000729.html
100,000712,锦龙股份,详细,-0.054,4.80亿,-6.05,-49.18,-4825万,-149.88,-329.25,4.0016,-1.31,1.7614,-,不分配不转增,多元金融,08-31,http://data.eastmoney.com/bbsj/000712.html
101,000690,宝新能源,详细,0.22,19.59亿,47.61,14.23,4.88亿,82.54,560.15,4.0668,5.61,0.285,35.99,不分配不转增,电力行业,08-31,http://data.eastmoney.com/bbsj/000690.html
102,000680,山推股份,详细,0.0604,46.03亿,32.19,17.63,7494万,33.68,-21.78,2.7228,2.24,-0.1682,15.03,不分配不转增,机械行业,08-31,http://data.eastmoney.com/bbsj/000680.html
103,000573,粤宏远A,详细,-0.0477,1.30亿,-59.06,4.06,-3082万,-144.27,-54.02,2.5655,-1.85,0.1139,19.10,不分配不转增,房地产,08-31,http://data.eastmoney.com/bbsj/000573.html
104,000567,海德股份,详细,0.1703,1.66亿,98.30,-1.06,5052万,34.93,20.49,9.2071,2.31,-4.0269,-,不分配不转增,多元金融,08-31,http://data.eastmoney.com/bbsj/000567.html
105,000561,烽火电子,详细,0.03,4.69亿,6.33,65.31,1985万,20.47,303.72,2.1512,1.54,-0.0101,44.72,不分配不转增,通讯行业,08-31,http://data.eastmoney.com/bbsj/000561.html
106,000552,靖远煤电,详细,0.1489,21.94亿,13.03,-16.06,3.40亿,21.74,-17.38,3.0983,4.66,0.068,29.44,不分配不转增,煤炭采选,08-31,http://data.eastmoney.com/bbsj/000552.html
107,000540,中天金融,详细,0.6765,65.62亿,-32.11,-37.07,47.39亿,232.97,477.46,2.9204,25.75,-0.5551,35.88,不分配不转增,房地产,08-31,http://data.eastmoney.com/bbsj/000540.html
108,000539,粤电力A,详细,0.0855,139亿,12.19,39.05,4.49亿,248.65,7611.40,4.5097,1.88,0.7229,12.19,不分配不转增,电力行业,08-31,http://data.eastmoney.com/bbsj/000539.html
109,200539,粤电力B,详细,0.0855,139亿,12.19,39.05,4.49亿,248.65,7611.40,4.5097,1.88,0.7229,12.19,不分配不转增,电力行业,08-31,http://data.eastmoney.com/bbsj/200539.html
110,000885,城发环境,详细,0.5794,9.29亿,-64.61,21.01,2.88亿,-24.89,23.53,4.3285,14.31,1.086,59.85,不分配不转增,高速公路,08-31,http://data.eastmoney.com/bbsj/000885.html
111,000882,华联股份,详细,0.1084,5.96亿,20.23,-8.54,2.97亿,1001.02,4826.51,2.9399,3.75,-0.0076,42.42,不分配不转增,商业百货,08-31,http://data.eastmoney.com/bbsj/000882.html
112,000881,中广核技,详细,0.1088,28.75亿,5.10,16.82,1.15亿,-20.54,238.33,5.1391,2.12,0.0935,18.74,不分配不转增,综合行业,08-31,http://data.eastmoney.com/bbsj/000881.html
113,000876,新希望,详细,0.2,316亿,6.22,13.71,8.46亿,-25.20,-59.86,4.9179,3.97,0.2939,8.19,不分配不转增,农牧饲渔,08-31,http://data.eastmoney.com/bbsj/000876.html
114,600747,ST大控,详细,-0.01,7.66亿,450.30,2832.34,-1438万,24.56,-437.44,1.3511,-0.74,-0.0459,1.98,不分配不转增,国际贸易,08-31,http://data.eastmoney.com/bbsj/600747.html
115,600745,闻泰科技,详细,-0.28,54.26亿,-31.21,116.06,-1.77亿,-201.47,-109.91,5.2598,-5.14,-0.6256,8.15,不分配不转增,通讯行业,08-31,http://data.eastmoney.com/bbsj/600745.html
116,600744,华银电力,详细,-0.01,43.12亿,30.61,-25.00,-1853万,95.95,-260.52,1.6665,-0.62,0.65,5.76,不分配不转增,电力行业,08-31,http://data.eastmoney.com/bbsj/600744.html
117,600739,辽宁成大,详细,0.2968,91.22亿,42.61,15.50,4.54亿,-47.68,110.20,13.1247,2.25,-0.071,11.89,不分配不转增,商业百货,08-31,http://data.eastmoney.com/bbsj/600739.html
118,600978,宜华生活,详细,0.25,35.63亿,7.29,46.30,3.78亿,-19.54,4.74,5.5666,4.64,0.1522,34.64,不分配不转增,木业家具,08-31,http://data.eastmoney.com/bbsj/600978.html
119,002024,苏宁易购,详细,0.6466,1107亿,32.16,23.05,60.03亿,1959.41,5196.68,8.5841,7.57,-0.5717,14.43,不分配不转增,商业百货,08-31,http://data.eastmoney.com/bbsj/002024.html
120,002018,*ST华信,详细,-0.3,8.27亿,-90.75,-82.60,-6.80亿,-383.98,-789.42,1.2752,-21.38,-0.0355,8.65,不分配不转增,石油行业,08-31,http://data.eastmoney.com/bbsj/002018.html
121,002013,中航机电,详细,0.08,54.50亿,11.68,79.71,2.89亿,13.53,2046.83,2.3367,3.29,-0.174,22.74,不分配不转增,航天航空,08-31,http://data.eastmoney.com/bbsj/002013.html
122,600157,永泰能源,详细,0.0271,107亿,-8.63,28.53,3.37亿,32.16,-134.07,1.9948,1.37,0.2477,25.48,不分配不转增,煤炭采选,08-31,http://data.eastmoney.com/bbsj/600157.html
123,600152,维科技术,详细,0.1222,7.24亿,1.68,55.41,5565万,63.77,1197.92,3.1627,3.99,-0.2354,16.79,不分配不转增,电子元件,08-31,http://data.eastmoney.com/bbsj/600152.html
124,600149,ST坊展,详细,-0.021,316万,-65.84,1817.84,-789万,-44.01,-74.45,0.5166,-3.94,-0.0559,-3.82,不分配不转增,国际贸易,08-31,http://data.eastmoney.com/bbsj/600149.html
125,600139,西部资源,详细,-0.0103,1.72亿,42.36,229.50,-681万,94.38,176.33,0.6158,-1.66,0.0563,63.07,不分配不转增,汽车行业,08-31,http://data.eastmoney.com/bbsj/600139.html
126,600707,彩虹股份,详细,-0.037,2.89亿,51.29,8.91,-1.34亿,-81.01,-290.75,5.6503,-0.66,-0.0561,12.47,不分配不转增,电子元件,08-31,http://data.eastmoney.com/bbsj/600707.html
127,600705,中航资本,详细,0.18,66.25亿,35.55,12.14,15.74亿,23.36,-1.41,2.6652,6.67,-4.0143,45.37,不分配不转增,多元金融,08-31,http://data.eastmoney.com/bbsj/600705.html
128,603706,东方环宇,详细,0.41,1.98亿,-18.05,-,4947万,-1.21,-,4.8618,8.86,-0.1137,39.89,不分配不转增,公用事业,08-31,http://data.eastmoney.com/bbsj/603706.html
129,603773,沃格光电,详细,1.5039,3.66亿,33.75,21.31,1.19亿,18.83,13.32,16.8119,11.41,1.2119,54.41,不分配不转增,电子元件,08-31,http://data.eastmoney.com/bbsj/603773.html
130,603596,伯特利,详细,0.39,13.11亿,24.62,-7.44,1.50亿,22.09,-27.22,4.4429,11.01,0.0845,23.32,不分配不转增,汽车行业,08-31,http://data.eastmoney.com/bbsj/603596.html
131,601200,上海环境,详细,0.3978,12.15亿,1.49,5.49,2.79亿,-6.68,-9.84,8.0027,5.05,0.4646,42.12,不分配不转增,环保工程,08-31,http://data.eastmoney.com/bbsj/601200.html
132,603363,傲农生物,详细,0.04,27.37亿,20.90,1.87,1685万,-73.76,-80.35,1.8852,2.08,-0.1598,13.81,不分配不转增,农牧饲渔,08-31,http://data.eastmoney.com/bbsj/603363.html
133,603922,金鸿顺,详细,0.3,5.36亿,8.12,7.34,3842万,-28.90,-50.25,8.7514,3.39,-0.5244,19.44,不分配不转增,汽车行业,08-31,http://data.eastmoney.com/bbsj/603922.html
134,601881,中国银河,详细,0.13,43.07亿,-24.03,-35.50,13.11亿,-37.93,-70.74,6.3652,2.01,0.422,-,不分配不转增,券商信托,08-31,http://data.eastmoney.com/bbsj/601881.html
135,603336,宏辉果蔬,详细,0.19,3.43亿,3.14,13.21,3352万,-4.02,26.20,4.5272,4.24,0.3135,16.13,不分配不转增,农牧饲渔,08-31,http://data.eastmoney.com/bbsj/603336.html
136,600926,杭州银行,详细,0.59,83.19亿,26.33,-1.01,30.18亿,19.25,-1.69,12.1032,6.94,1.8352,-,不分配不转增,银行,08-31,http://data.eastmoney.com/bbsj/600926.html
137,603066,音飞储存,详细,0.189,3.52亿,25.26,145.78,5670万,32.75,279.85,3.0167,6.30,-0.197,33.14,不分配不转增,交运物流,08-31,http://data.eastmoney.com/bbsj/603066.html
138,002856,美芝股份,详细,0.1575,4.30亿,10.08,31.59,1915万,-18.81,138.77,5.3833,2.90,-1.4859,12.99,不分配不转增,装修装饰,08-31,http://data.eastmoney.com/bbsj/002856.html
139,603800,道森股份,详细,0.1094,4.83亿,41.16,34.76,2276万,91.76,2281.94,4.4991,2.41,0.0815,19.34,不分配不转增,专用设备,08-31,http://data.eastmoney.com/bbsj/603800.html
140,603718,海利生物,详细,0.05,1.08亿,-26.42,-25.23,3205万,-40.46,-44.52,1.7106,2.95,-0.0388,67.68,不分配不转增,农药兽药,08-31,http://data.eastmoney.com/bbsj/603718.html
141,002749,国光股份,详细,1.084,4.85亿,15.19,87.18,1.38亿,10.53,80.49,6.6229,15.79,0.8507,51.34,10转7.00,农药兽药,08-31,http://data.eastmoney.com/bbsj/002749.html
142,603883,老百姓,详细,0.78,44.37亿,28.45,0.71,2.21亿,15.65,-30.51,9.9412,7.58,1.2829,35.86,不分配不转增,医药制造,08-31,http://data.eastmoney.com/bbsj/603883.html
143,601021,春秋航空,详细,0.83,63.32亿,25.01,-3.97,7.27亿,31.19,-11.48,13.6134,6.54,1.5727,12.27,不分配不转增,民航机场,08-31,http://data.eastmoney.com/bbsj/601021.html
144,600958,东方证券,详细,0.1,42.77亿,-7.59,19.99,7.16亿,-59.23,-35.94,7.3202,1.37,-1.2113,-,不分配不转增,券商信托,08-31,http://data.eastmoney.com/bbsj/600958.html
145,000333,美的集团,详细,1.97,1437亿,15.02,4.50,129亿,19.66,46.12,11.9666,16.43,1.1489,27.16,不分配不转增,家电行业,08-31,http://data.eastmoney.com/bbsj/000333.html
146,603555,贵人鸟,详细,0.0548,15.36亿,-2.67,-15.65,3442万,-73.51,-159.60,3.5127,1.47,0.8824,32.66,不分配不转增,纺织服装,08-31,http://data.eastmoney.com/bbsj/603555.html
147,002712,思美传媒,详细,0.51,25.88亿,43.47,-15.27,1.74亿,28.67,-20.90,10.0909,5.17,-0.0365,13.66,10转7.00,文化传媒,08-31,http://data.eastmoney.com/bbsj/002712.html
148,603399,吉翔股份,详细,0.42,20.00亿,92.35,39.72,2.30亿,278.04,347.38,4.4549,10.48,0.3001,9.17,不分配不转增,有色金属,08-31,http://data.eastmoney.com/bbsj/603399.html
149,603111,康尼机电,详细,-0.63,18.08亿,80.73,26.80,-6.08亿,-628.47,-811.90,4.2745,-17.10,-0.589,32.47,不分配不转增,交运设备,08-31,http://data.eastmoney.com/bbsj/603111.html
150,600401,*ST海润,详细,-0.1264,5.82亿,-66.25,-0.50,-5.97亿,-19.11,-105.43,0.1238,-67.23,0.048,10.03,不分配不转增,材料行业,08-31,http://data.eastmoney.com/bbsj/600401.html
151,601919,中远海控,详细,0.004,451亿,3.70,5.60,4080万,-97.81,-177.45,2.0398,0.20,0.0456,6.58,不分配不转增,港口水运,08-31,http://data.eastmoney.com/bbsj/601919.html
152,200016,深康佳B,详细,0.1419,176亿,54.53,26.74,3.42亿,1007.16,412.99,3.2978,4.19,-0.7634,6.71,不分配不转增,家电行业,08-31,http://data.eastmoney.com/bbsj/200016.html
153,000016,深康佳A,详细,0.1419,176亿,54.53,26.74,3.42亿,1007.16,412.99,3.2978,4.19,-0.7634,6.71,不分配不转增,家电行业,08-31,http://data.eastmoney.com/bbsj/000016.html
154,600749,*ST藏旅,详细,-0.0764,7512万,24.54,558.14,-1590万,37.68,131.13,4.4678,-0.02,-0.0257,32.38,不分配不转增,旅游酒店,08-31,http://data.eastmoney.com/bbsj/600749.html
155,000806,银河生物,详细,-0.0553,3.96亿,-29.63,10.36,-6077万,-187.02,-96.70,1.8574,-2.93,-0.0155,25.67,不分配不转增,输配电气,08-31,http://data.eastmoney.com/bbsj/000806.html
156,200625,长安B,详细,0.34,356亿,6.22,-21.88,16.10亿,-65.16,-84.35,9.8519,3.39,0.9165,14.11,不分配不转增,汽车行业,08-31,http://data.eastmoney.com/bbsj/200625.html
157,000625,长安汽车,详细,0.34,356亿,6.22,-21.88,16.10亿,-65.16,-84.35,9.8519,3.39,0.9165,14.11,不分配不转增,汽车行业,08-31,http://data.eastmoney.com/bbsj/000625.html
158,600804,鹏博士,详细,0.17,35.22亿,-17.12,-0.04,2.50亿,-35.91,74.92,5.1663,3.44,0.6558,52.62,不分配不转增,电信运营,08-31,http://data.eastmoney.com/bbsj/600804.html
159,600645,中源协和,详细,0.7,4.24亿,3.92,-2.63,2.70亿,3121.37,38.00,4.517,16.67,-0.023,70.87,不分配不转增,医药制造,08-31,http://data.eastmoney.com/bbsj/600645.html
160,600635,大众公用,详细,0.04,27.02亿,9.70,-26.66,1.26亿,-37.82,253.16,2.3933,1.76,0.0219,12.90,不分配不转增,公用事业,08-31,http://data.eastmoney.com/bbsj/600635.html
161,600500,中化国际,详细,0.31,304亿,-7.59,15.46,6.47亿,27.62,2.86,5.3786,5.84,-0.2092,12.82,不分配不转增,化工行业,08-31,http://data.eastmoney.com/bbsj/600500.html
162,600302,标准股份,详细,-0.0782,3.80亿,0.62,-24.34,-2707万,-5560.82,-27.97,3.4201,-2.26,-0.1488,19.53,不分配不转增,专用设备,08-31,http://data.eastmoney.com/bbsj/600302.html
163,600291,西水股份,详细,0.2925,126亿,-19.52,-8.59,3.20亿,-86.43,-50.26,11.6498,2.55,-80.3962,-,不分配不转增,保险,08-31,http://data.eastmoney.com/bbsj/600291.html
164,600166,福田汽车,详细,-0.135,217亿,-5.54,30.15,-9.01亿,-986.19,50.82,2.6894,-4.87,-0.374,14.61,不分配不转增,汽车行业,08-31,http://data.eastmoney.com/bbsj/600166.html
165,600086,东方金钰,详细,0.023,22.31亿,-45.16,-69.78,3108万,-84.42,-177.18,2.3989,0.96,-0.1091,19.24,不分配不转增,珠宝首饰,08-31,http://data.eastmoney.com/bbsj/600086.html
166,600058,五矿发展,详细,-0.1394,256亿,-8.04,44.00,-1.49亿,-894.34,-859.46,4.4904,-2.00,-1.6944,3.55,不分配不转增,国际贸易,08-31,http://data.eastmoney.com/bbsj/600058.html
167,000150,宜华健康,详细,0.3917,11.54亿,27.27,2.31,1.75亿,70.54,-25.73,5.378,7.47,0.3779,38.59,不分配不转增,医疗行业,08-31,http://data.eastmoney.com/bbsj/000150.html
168,600469,风神股份,详细,-0.16,31.31亿,-16.36,18.35,-8993万,20.06,112.53,3.2489,-4.80,-0.1091,15.52,不分配不转增,汽车行业,08-31,http://data.eastmoney.com/bbsj/600469.html
169,002605,姚记扑克,详细,0.1119,3.11亿,8.96,53.51,4442万,24.39,111.43,4.0391,2.74,0.1776,40.80,不分配不转增,文教休闲,08-31,http://data.eastmoney.com/bbsj/002605.html
170,002551,尚荣医疗,详细,0.14,10.72亿,5.50,13.96,9601万,0.74,-24.51,3.2668,4.18,-0.2201,25.77,不分配不转增,医疗行业,08-31,http://data.eastmoney.com/bbsj/002551.html
171,002501,利源精制,详细,-0.07,9.07亿,-40.08,-47.28,-8902万,-128.43,-284.48,6.5124,-1.12,-0.3442,31.49,不分配不转增,有色金属,08-31,http://data.eastmoney.com/bbsj/002501.html
172,002619,艾格拉斯,详细,0.14,3.46亿,15.19,-3.96,2.64亿,122.35,14.70,3.2826,4.44,0.0548,81.84,不分配不转增,文化传媒,08-31,http://data.eastmoney.com/bbsj/002619.html
173,002427,*ST尤夫,详细,0.0581,19.07亿,-3.69,23.10,2315万,-81.16,-59.16,4.5797,1.27,-1.3056,24.07,不分配不转增,化纤行业,08-31,http://data.eastmoney.com/bbsj/002427.html
174,002586,围海股份,详细,0.0927,14.92亿,52.99,16.45,9977万,332.53,66.11,4.5367,2.23,-0.1162,11.52,不分配不转增,工程建设,08-31,http://data.eastmoney.com/bbsj/002586.html
175,002447,晨鑫科技,详细,0.06,2.11亿,42.77,-62.99,8884万,140.82,-76.85,1.5184,4.18,-0.0211,76.10,不分配不转增,软件服务,08-31,http://data.eastmoney.com/bbsj/002447.html
176,600690,青岛海尔,详细,0.797,886亿,14.19,7.69,48.59亿,10.01,45.39,5.7132,14.10,0.8804,28.97,不分配不转增,家电行业,08-31,http://data.eastmoney.com/bbsj/600690.html
177,600689,上海三毛,详细,0.008,6.50亿,13.55,-14.76,161万,-95.33,-134.39,2.2866,0.35,-0.1907,6.24,不分配不转增,纺织服装,08-31,http://data.eastmoney.com/bbsj/600689.html
178,900922,三毛B股,详细,0.008,6.50亿,13.55,-14.76,161万,-95.33,-134.39,2.2866,0.35,-0.1907,6.24,不分配不转增,纺织服装,08-31,http://data.eastmoney.com/bbsj/900922.html
179,600120,浙江东方,详细,0.5,42.85亿,18.62,28.32,4.35亿,13.67,-9.77,11.1644,3.87,-0.745,2.51,不分配不转增,国际贸易,08-31,http://data.eastmoney.com/bbsj/600120.html
180,600119,长江投资,详细,-0.8877,6.14亿,-63.26,21.96,-2.73亿,-1993.12,-42373.46,1.7549,-43.16,0.5538,12.21,不分配不转增,交运物流,08-31,http://data.eastmoney.com/bbsj/600119.html
181,600115,东方航空,详细,0.16,544亿,13.33,3.42,22.83亿,-47.48,-84.87,3.846,4.13,0.7353,12.19,不分配不转增,民航机场,08-31,http://data.eastmoney.com/bbsj/600115.html
182,600104,上汽集团,详细,1.625,4649亿,17.27,-5.37,190亿,18.95,-4.45,18.8585,8.13,-2.8286,13.13,不分配不转增,汽车行业,08-31,http://data.eastmoney.com/bbsj/600104.html
183,600098,广州发展,详细,0.1598,124亿,20.51,2.86,4.36亿,21.82,210.09,5.9459,2.68,0.1596,9.94,不分配不转增,电力行业,08-31,http://data.eastmoney.com/bbsj/600098.html
184,600795,国电电力,详细,0.091,312亿,8.47,-4.56,18.74亿,5.75,-44.24,2.4968,3.61,0.2894,21.32,不分配不转增,电力行业,08-31,http://data.eastmoney.com/bbsj/600795.html
185,600787,中储股份,详细,0.0358,139亿,11.28,46.51,7884万,-19.72,243.79,4.8365,0.74,-0.2771,4.71,不分配不转增,交运物流,08-31,http://data.eastmoney.com/bbsj/600787.html
186,600783,鲁信创投,详细,0.32,9818万,-4.79,14.96,2.38亿,26.17,669.46,5.0036,6.54,-0.1066,25.82,不分配不转增,综合行业,08-31,http://data.eastmoney.com/bbsj/600783.html
187,600775,南京熊猫,详细,0.0558,19.94亿,13.82,-7.33,5102万,13.67,-7.42,3.6666,1.51,-0.1453,14.54,不分配不转增,通讯行业,08-31,http://data.eastmoney.com/bbsj/600775.html
188,600833,第一医药,详细,0.095,5.91亿,-27.84,-11.41,2120万,-13.58,-15.88,2.8871,3.11,0.3572,19.46,不分配不转增,医药制造,08-31,http://data.eastmoney.com/bbsj/600833.html
189,600350,山东高速,详细,0.499,25.91亿,-22.56,25.59,24.00亿,88.61,275.59,5.8516,8.72,0.2807,57.46,不分配不转增,高速公路,08-31,http://data.eastmoney.com/bbsj/600350.html
190,600345,长江通信,详细,0.73,6989万,-53.55,5.12,1.44亿,20.15,27.52,8.5853,8.83,-0.1854,9.45,不分配不转增,通讯行业,08-31,http://data.eastmoney.com/bbsj/600345.html
191,600331,宏达股份,详细,0.0064,24.01亿,12.32,51.30,1293万,-89.67,-82.20,2.4359,0.26,0.1349,20.17,不分配不转增,有色金属,08-31,http://data.eastmoney.com/bbsj/600331.html
192,600319,亚星化学,详细,0.052,10.62亿,12.26,9.98,1637万,119.90,-55.53,0.1537,40.12,0.3133,10.64,不分配不转增,化工行业,08-31,http://data.eastmoney.com/bbsj/600319.html
193,600760,中航沈飞,详细,0.07,62.57亿,519.27,158.44,9975万,123.87,647.41,5.1662,1.39,-1.8045,8.04,不分配不转增,航天航空,08-31,http://data.eastmoney.com/bbsj/600760.html
194,900934,锦江B股,详细,0.5255,69.39亿,10.34,13.46,5.03亿,22.05,18.46,12.785,4.03,1.6096,89.90,不分配不转增,旅游酒店,08-31,http://data.eastmoney.com/bbsj/900934.html
195,600754,锦江股份,详细,0.5255,69.39亿,10.34,13.46,5.03亿,22.05,18.46,12.785,4.03,1.6096,89.90,不分配不转增,旅游酒店,08-31,http://data.eastmoney.com/bbsj/600754.html
196,600753,东方银星,详细,0.033,11.20亿,1938.55,-6.17,427万,108.92,-90.15,1.2955,2.61,-0.42,1.16,不分配不转增,国际贸易,08-31,http://data.eastmoney.com/bbsj/600753.html
197,900938,海科B,详细,-0.0003,1502亿,2.83,0.55,-83.00万,-103.34,198.39,4.5304,-0.01,2.1319,6.46,不分配不转增,电子元件,08-31,http://data.eastmoney.com/bbsj/900938.html
198,600751,海航科技,详细,-0.0003,1502亿,2.83,0.55,-83.00万,-103.34,198.39,4.5304,-0.01,2.1319,6.46,不分配不转增,软件服务,08-31,http://data.eastmoney.com/bbsj/600751.html
199,000425,徐工机械,详细,0.147,239亿,65.81,22.04,11.04亿,100.62,12.53,3.154,4.73,0.2777,17.34,不分配不转增,机械行业,08-31,http://data.eastmoney.com/bbsj/000425.html
200,000422,*ST宜化,详细,0.196,62.37亿,-0.92,61.92,2.38亿,188.43,261.45,-0.1965,24.93,-0.8696,18.77,不分配不转增,化肥行业,08-31,http://data.eastmoney.com/bbsj/000422.html
201,600039,四川路桥,详细,0.1324,155亿,16.72,113.62,4.78亿,27.52,216.44,3.6978,3.59,-0.1076,9.47,不分配不转增,工程建设,08-31,http://data.eastmoney.com/bbsj/600039.html
202,000988,华工科技,详细,0.18,27.42亿,35.00,16.85,1.81亿,2.55,97.33,5.3449,3.40,-0.3007,23.78,不分配不转增,电子元件,08-31,http://data.eastmoney.com/bbsj/000988.html
203,000982,*ST中绒,详细,-0.2184,8.80亿,22.45,-18.92,-3.94亿,-27.05,-37.59,0.8435,-23.05,-0.0438,4.44,不分配不转增,纺织服装,08-31,http://data.eastmoney.com/bbsj/000982.html
204,000981,银亿股份,详细,0.17,50.28亿,-19.63,15.70,6.83亿,8.39,-42.15,3.8916,3.76,0.3361,30.62,不分配不转增,汽车行业,08-31,http://data.eastmoney.com/bbsj/000981.html
205,000976,华铁股份,详细,0.088,6.71亿,-5.11,127.65,1.40亿,3.41,455.70,2.6475,3.37,-0.1739,36.10,不分配不转增,化纤行业,08-31,http://data.eastmoney.com/bbsj/000976.html
206,000971,高升控股,详细,0.0276,4.22亿,0.85,-10.97,2810万,-65.90,-39.04,3.6326,0.76,0.0053,24.27,不分配不转增,电子信息,08-31,http://data.eastmoney.com/bbsj/000971.html
207,600300,维维股份,详细,0.06,27.43亿,13.13,-20.52,9644万,-5.08,-3.78,1.653,3.49,-0.1309,25.28,不分配不转增,食品饮料,08-31,http://data.eastmoney.com/bbsj/600300.html
208,600975,新五丰,详细,-0.09,7.47亿,-13.58,-12.97,-5609万,-236.37,-983.42,1.6579,-4.82,-0.0953,-0.78,不分配不转增,农牧饲渔,08-31,http://data.eastmoney.com/bbsj/600975.html
209,600997,开滦股份,详细,0.37,100亿,10.67,6.39,5.82亿,156.92,28.75,6.1393,6.09,0.8814,14.78,不分配不转增,煤炭采选,08-31,http://data.eastmoney.com/bbsj/600997.html
210,600967,内蒙一机,详细,0.171,50.82亿,10.91,131.04,2.89亿,47.28,278.59,4.8909,3.63,1.2014,11.44,不分配不转增,机械行业,08-31,http://data.eastmoney.com/bbsj/600967.html
211,600960,渤海汽车,详细,0.0811,14.59亿,23.80,6.73,7712万,-35.91,24.97,4.7715,1.70,-0.1995,18.41,不分配不转增,汽车行业,08-31,http://data.eastmoney.com/bbsj/600960.html
212,600668,尖峰集团,详细,0.88,15.03亿,15.09,24.49,3.02亿,25.53,89.37,8.5278,10.79,0.6482,41.62,不分配不转增,水泥建材,08-31,http://data.eastmoney.com/bbsj/600668.html
213,600658,电子城,详细,0.31,11.65亿,293.14,84.40,3.47亿,386.55,127.72,5.8469,5.33,-3.2421,71.40,不分配不转增,房地产,08-31,http://data.eastmoney.com/bbsj/600658.html
214,600654,ST中安,详细,-0.07,21.75亿,62.66,-57.47,-9616万,-36.28,33.26,1.6079,-4.53,0.3327,12.74,不分配不转增,软件服务,08-31,http://data.eastmoney.com/bbsj/600654.html
215,600653,申华控股,详细,-0.1136,31.67亿,41.77,4.20,-2.21亿,-26.75,27.00,0.8155,-13.02,-0.0026,5.30,不分配不转增,综合行业,08-31,http://data.eastmoney.com/bbsj/600653.html
216,600652,游久游戏,详细,0.02,6024万,-40.33,-5.27,1690万,-59.92,-130.97,2.0856,0.98,-0.0487,54.29,不分配不转增,电子信息,08-31,http://data.eastmoney.com/bbsj/600652.html
217,600651,飞乐音响,详细,-0.415,15.55亿,-40.66,-3.49,-4.11亿,-463.15,-7.87,2.9341,-13.04,-0.2937,30.62,不分配不转增,电子元件,08-31,http://data.eastmoney.com/bbsj/600651.html
218,600650,锦江投资,详细,0.294,11.38亿,-4.26,5.25,1.62亿,25.19,11.02,5.8084,4.87,0.0539,18.59,不分配不转增,交运物流,08-31,http://data.eastmoney.com/bbsj/600650.html
219,900914,锦投B股,详细,0.294,11.38亿,-4.26,5.25,1.62亿,25.19,11.02,5.8084,4.87,0.0539,18.59,不分配不转增,交运物流,08-31,http://data.eastmoney.com/bbsj/900914.html
220,600637,东方明珠,详细,0.4695,60.28亿,-31.49,15.35,12.40亿,1.35,83.72,10.5008,4.41,0.5478,27.33,不分配不转增,文化传媒,08-31,http://data.eastmoney.com/bbsj/600637.html
221,600634,*ST富控,详细,-0.83,3.73亿,-9.70,-62.40,-4.76亿,-941.37,-1821.76,2.623,-27.19,-1.2732,81.24,不分配不转增,软件服务,08-31,http://data.eastmoney.com/bbsj/600634.html
222,600626,申达股份,详细,0.1127,80.71亿,94.30,-0.86,8008万,31.09,11.92,3.6568,3.06,-0.2184,11.31,不分配不转增,国际贸易,08-31,http://data.eastmoney.com/bbsj/600626.html
223,600292,远达环保,详细,0.05,14.90亿,4.38,9.68,3813万,30.36,-40.73,6.2371,0.78,-0.031,19.00,不分配不转增,环保工程,08-31,http://data.eastmoney.com/bbsj/600292.html
224,600265,ST景谷,详细,-0.1,3333万,7.90,75.77,-1242万,-42.45,3.00,0.1253,-,0.0544,1.52,不分配不转增,木业家具,08-31,http://data.eastmoney.com/bbsj/600265.html
225,600259,广晟有色,详细,-0.1,11.44亿,-57.41,-9.89,-3014万,6.61,-1058.35,6.3482,-1.56,-0.3567,4.73,不分配不转增,有色金属,08-31,http://data.eastmoney.com/bbsj/600259.html
226,600247,*ST成城,详细,0.072,2481万,-86.40,-75.59,2434万,107.39,-110.70,0.0834,153.11,1.5415,19.45,不分配不转增,商业百货,08-31,http://data.eastmoney.com/bbsj/600247.html
227,600242,中昌数据,详细,0.089,11.45亿,20.05,28.69,4064万,-29.98,126.27,4.429,2.03,-0.0491,10.47,不分配不转增,软件服务,08-31,http://data.eastmoney.com/bbsj/600242.html
228,600241,时代万恒,详细,-0.122,5.78亿,11.12,9.32,-3579万,-1982.70,-32.65,4.7378,-2.52,-0.4836,15.28,不分配不转增,国际贸易,08-31,http://data.eastmoney.com/bbsj/600241.html
229,600236,桂冠电力,详细,0.21,47.52亿,18.27,17.15,12.67亿,81.22,-2.65,2.1376,8.45,0.5404,54.07,不分配不转增,电力行业,08-31,http://data.eastmoney.com/bbsj/600236.html
230,600083,博信股份,详细,0.0585,11.08亿,3383.92,30.89,1346万,1070.16,25.50,0.338,18.96,-0.8205,3.41,不分配不转增,工程建设,08-31,http://data.eastmoney.com/bbsj/600083.html
231,600082,海泰发展,详细,0.0144,3.92亿,30.36,927.50,933万,147.04,-87.90,2.6165,0.55,-0.0598,15.28,不分配不转增,房地产,08-31,http://data.eastmoney.com/bbsj/600082.html
232,600078,澄星股份,详细,0.02,13.77亿,-4.35,9.44,1077万,-46.61,198.53,2.8217,0.57,0.2353,15.42,不分配不转增,化肥行业,08-31,http://data.eastmoney.com/bbsj/600078.html
233,600077,宋都股份,详细,0.09,11.92亿,74.90,37.55,1.16亿,623.43,411.25,2.855,3.07,1.7855,45.07,不分配不转增,房地产,08-31,http://data.eastmoney.com/bbsj/600077.html
234,600074,*ST保千,详细,-0.09,8485万,-96.27,-18.87,-2.22亿,-160.33,9.39,-1.4689,-,-0.0205,14.36,不分配不转增,安防设备,08-31,http://data.eastmoney.com/bbsj/600074.html
235,600072,中船科技,详细,0.011,14.47亿,-22.36,49.49,819万,-38.98,-126.01,4.9762,0.22,-0.7644,12.56,不分配不转增,船舶制造,08-31,http://data.eastmoney.com/bbsj/600072.html
236,600068,葛洲坝,详细,0.362,461亿,-8.12,20.79,19.53亿,12.64,57.75,5.4273,6.49,-1.33,15.78,不分配不转增,工程建设,08-31,http://data.eastmoney.com/bbsj/600068.html
237,600037,歌华有线,详细,0.2628,11.92亿,-1.40,23.91,3.66亿,-3.43,13.27,9.1619,2.86,0.3258,28.34,不分配不转增,文化传媒,08-31,http://data.eastmoney.com/bbsj/600037.html
238,600033,福建高速,详细,0.145,12.75亿,5.38,4.38,3.98亿,-3.93,16.55,3.1915,4.48,0.3364,64.48,不分配不转增,高速公路,08-31,http://data.eastmoney.com/bbsj/600033.html
239,600016,民生银行,详细,0.68,754亿,6.75,5.23,296亿,5.45,-1.78,8.8427,7.91,-3.7064,-,不分配不转增,银行,08-31,http://data.eastmoney.com/bbsj/600016.html
240,600008,首创股份,详细,0.0435,45.79亿,9.73,16.31,2.10亿,-19.22,43.17,1.7254,1.69,0.1406,34.04,不分配不转增,公用事业,08-31,http://data.eastmoney.com/bbsj/600008.html
241,600007,中国国贸,详细,0.4,15.52亿,23.68,-0.38,4.04亿,36.92,0.26,6.5017,6.15,0.6317,53.07,不分配不转增,房地产,08-31,http://data.eastmoney.com/bbsj/600007.html
242,000416,民生控股,详细,0.009,3476万,-2.72,11.87,480万,-66.57,-54.79,1.6057,0.55,-0.2123,98.86,不分配不转增,多元金融,08-31,http://data.eastmoney.com/bbsj/000416.html
243,000415,渤海金控,详细,0.2085,199亿,0.78,68.04,12.90亿,25.66,37.86,5.3601,3.98,1.6401,37.52,不分配不转增,多元金融,08-31,http://data.eastmoney.com/bbsj/000415.html
244,000413,东旭光电,详细,0.15,111亿,128.24,38.54,8.58亿,34.64,2.22,5.4471,2.74,0.0146,18.94,不分配不转增,电子元件,08-31,http://data.eastmoney.com/bbsj/000413.html
245,200413,东旭B,详细,0.15,111亿,128.24,38.54,8.58亿,34.64,2.22,5.4471,2.74,0.0146,18.94,不分配不转增,电子元件,08-31,http://data.eastmoney.com/bbsj/200413.html
246,000410,沈阳机床,详细,0.03,33.39亿,48.59,3.76,2525万,105.08,-2.59,1.164,2.88,-0.5665,26.32,不分配不转增,机械行业,08-31,http://data.eastmoney.com/bbsj/000410.html
247,000409,*ST地矿,详细,-0.3499,6.62亿,-26.56,-4.51,-1.79亿,-148.89,-19.64,1.0436,-28.72,-0.0555,5.83,不分配不转增,钢铁行业,08-31,http://data.eastmoney.com/bbsj/000409.html
248,000403,ST生化,详细,0.2447,4.27亿,32.72,-4.71,6671万,49.62,36.30,2.2906,11.33,0.0275,53.24,不分配不转增,医药制造,08-31,http://data.eastmoney.com/bbsj/000403.html
249,601866,中远海发,详细,0.028,85.64亿,8.47,25.44,3.27亿,-69.00,-83.50,1.3135,2.00,0.1517,20.56,不分配不转增,港口水运,08-31,http://data.eastmoney.com/bbsj/601866.html
250,601633,长城汽车,详细,0.4,487亿,17.99,-16.81,36.96亿,52.73,-22.40,5.604,7.30,1.5498,19.90,不分配不转增,汽车行业,08-31,http://data.eastmoney.com/bbsj/601633.html
251,000157,中联重科,详细,0.11,147亿,15.09,31.43,8.64亿,-23.63,29.38,4.7448,2.27,0.2046,25.59,不分配不转增,机械行业,08-31,http://data.eastmoney.com/bbsj/000157.html
252,000156,华数传媒,详细,0.2211,15.61亿,4.21,3.48,3.17亿,2.97,4.04,7.2342,3.02,0.2871,40.49,不分配不转增,文化传媒,08-31,http://data.eastmoney.com/bbsj/000156.html
253,000066,中国长城,详细,0.085,41.37亿,-8.08,14.45,2.51亿,-7.59,-34.45,2.1147,3.88,-0.0885,17.38,不分配不转增,电子信息,08-31,http://data.eastmoney.com/bbsj/000066.html
254,000063,中兴通讯,详细,-1.87,394亿,-26.99,-56.74,-78.24亿,-441.24,55.30,5.2579,-29.71,-1.2036,30.24,不分配不转增,通讯行业,08-31,http://data.eastmoney.com/bbsj/000063.html
255,000061,农产品,详细,-0.0104,11.00亿,-0.71,6.41,-1761万,-273.39,-773.13,2.7754,-0.37,0.2821,39.25,不分配不转增,农牧饲渔,08-31,http://data.eastmoney.com/bbsj/000061.html
256,200058,深赛格B,详细,0.079,8.89亿,42.29,24.38,9767万,95.30,-44.04,1.5682,5.01,0.0211,31.01,不分配不转增,商业百货,08-31,http://data.eastmoney.com/bbsj/200058.html
257,000058,深赛格,详细,0.079,8.89亿,42.29,24.38,9767万,95.30,-44.04,1.5682,5.01,0.0211,31.01,不分配不转增,商业百货,08-31,http://data.eastmoney.com/bbsj/000058.html
258,000048,*ST康达,详细,0.1789,10.64亿,59.32,76.22,6991万,318.58,2710.59,2.7952,6.62,-0.432,31.06,不分配不转增,农牧饲渔,08-31,http://data.eastmoney.com/bbsj/000048.html
259,000046,泛海控股,详细,0.2567,50.89亿,-4.65,-20.74,13.34亿,47.56,-112.18,4.1515,6.41,0.8032,53.54,不分配不转增,房地产,08-31,http://data.eastmoney.com/bbsj/000046.html
260,600900,长江电力,详细,0.3874,192亿,-0.42,35.72,85.22亿,5.15,100.91,5.8216,6.24,0.5948,56.74,不分配不转增,电力行业,08-31,http://data.eastmoney.com/bbsj/600900.html
261,600477,杭萧钢构,详细,0.198,24.68亿,15.85,82.59,3.53亿,-1.53,74.16,1.6885,11.49,0.2144,28.44,不分配不转增,水泥建材,08-31,http://data.eastmoney.com/bbsj/600477.html
262,600485,信威集团,详细,-0.15,1.20亿,-93.86,14.79,-4.49亿,-161.73,109.00,3.2666,-4.59,-0.0458,37.38,不分配不转增,通讯行业,08-31,http://data.eastmoney.com/bbsj/600485.html
263,600352,浙江龙盛,详细,0.5712,91.68亿,21.99,16.66,18.58亿,83.41,39.29,5.4951,10.51,-0.1004,44.28,不分配不转增,化工行业,08-31,http://data.eastmoney.com/bbsj/600352.html
264,600617,国新能源,详细,0.0115,50.28亿,1.55,-36.52,1249万,-87.55,-159.27,3.4476,0.34,-0.0633,17.69,不分配不转增,公用事业,08-31,http://data.eastmoney.com/bbsj/600617.html
265,900913,国新B股,详细,0.0115,50.28亿,1.55,-36.52,1249万,-87.55,-159.27,3.4476,0.34,-0.0633,17.69,不分配不转增,公用事业,08-31,http://data.eastmoney.com/bbsj/900913.html
266,600613,神奇制药,详细,0.11,8.57亿,22.71,48.27,5857万,14.42,-5.88,4.7026,2.35,0.1828,55.41,不分配不转增,医药制造,08-31,http://data.eastmoney.com/bbsj/600613.html
267,900904,神奇B股,详细,0.11,8.57亿,22.71,48.27,5857万,14.42,-5.88,4.7026,2.35,0.1828,55.41,不分配不转增,医药制造,08-31,http://data.eastmoney.com/bbsj/900904.html
268,900903,大众B股,详细,0.1182,15.42亿,23.70,-10.29,2.79亿,2.10,-20.95,3.6788,3.08,0.0449,36.63,不分配不转增,交运物流,08-31,http://data.eastmoney.com/bbsj/900903.html
269,600611,大众交通,详细,0.1182,15.42亿,23.70,-10.29,2.79亿,2.10,-20.95,3.6788,3.08,0.0449,36.63,不分配不转增,交运物流,08-31,http://data.eastmoney.com/bbsj/600611.html
270,600587,新华医疗,详细,0.14,46.41亿,2.95,13.35,5697万,-32.22,-0.91,8.2565,1.71,-0.0205,19.00,不分配不转增,医疗行业,08-31,http://data.eastmoney.com/bbsj/600587.html
271,600571,信雅达,详细,0.02,6.12亿,6.95,8.64,712万,-84.08,-19.34,2.8589,0.47,-0.6222,56.81,不分配不转增,软件服务,08-31,http://data.eastmoney.com/bbsj/600571.html
272,000592,平潭发展,详细,0.0056,4.50亿,29.98,64.43,1075万,222.45,414.97,1.6462,0.34,-0.049,14.72,不分配不转增,木业家具,08-31,http://data.eastmoney.com/bbsj/000592.html
273,000839,中信国安,详细,-0.0001,19.11亿,-16.99,-13.81,-37.70万,-100.16,-200.85,1.728,-0.01,-0.0914,14.36,不分配不转增,电子信息,08-31,http://data.eastmoney.com/bbsj/000839.html
274,000837,秦川机床,详细,0.0056,16.51亿,4.48,31.51,390万,6.56,-107.53,4.0803,0.14,-0.1984,19.32,不分配不转增,机械行业,08-31,http://data.eastmoney.com/bbsj/000837.html
275,000835,长城动漫,详细,0.0182,5883万,-43.47,-48.76,594万,-79.67,233.51,1.483,1.22,-0.2061,50.18,不分配不转增,文化传媒,08-31,http://data.eastmoney.com/bbsj/000835.html
276,000829,天音控股,详细,0.01,199亿,12.26,-9.36,723万,24.74,-19.65,2.7571,0.24,1.0325,3.62,不分配不转增,通讯行业,08-31,http://data.eastmoney.com/bbsj/000829.html
277,000825,太钢不锈,详细,0.498,368亿,11.30,3.07,28.36亿,283.23,-5.87,4.9724,10.10,0.4972,17.05,不分配不转增,钢铁行业,08-31,http://data.eastmoney.com/bbsj/000825.html
278,000815,美利云,详细,0.04,5.13亿,37.65,4.32,2511万,817.71,79.08,2.8994,1.25,-0.0606,15.52,不分配不转增,造纸印刷,08-31,http://data.eastmoney.com/bbsj/000815.html
279,600399,*ST抚钢,详细,-0.053,29.65亿,6.94,-9.65,-6954万,-216.70,-116.90,-0.9202,-5.99,0.0014,9.42,不分配不转增,钢铁行业,08-31,http://data.eastmoney.com/bbsj/600399.html
280,600568,中珠医疗,详细,0.0288,4.37亿,19.84,-25.17,5733万,-66.89,-109.16,3.0139,0.95,-0.1718,51.11,不分配不转增,医药制造,08-31,http://data.eastmoney.com/bbsj/600568.html
281,600567,山鹰纸业,详细,0.3733,120亿,60.21,20.60,17.06亿,106.48,81.80,2.5038,15.22,0.53,23.16,不分配不转增,造纸印刷,08-31,http://data.eastmoney.com/bbsj/600567.html
282,000965,天保基建,详细,0.22,10.75亿,99.24,-86.98,2.39亿,37.49,-98.28,4.8227,4.56,-1.3342,56.48,不分配不转增,房地产,08-31,http://data.eastmoney.com/bbsj/000965.html
283,000951,中国重汽,详细,0.72,225亿,23.10,44.04,4.84亿,1.01,49.85,8.4302,8.45,2.5443,9.25,不分配不转增,汽车行业,08-31,http://data.eastmoney.com/bbsj/000951.html
284,000936,华西股份,详细,0.11,12.30亿,-21.81,17.44,9805万,18.81,569.56,5.1188,2.16,0.0089,14.11,不分配不转增,化纤行业,08-31,http://data.eastmoney.com/bbsj/000936.html
285,000927,一汽夏利,详细,-0.4,7.30亿,17.28,-5.37,-6.37亿,7.03,-85.84,-0.3632,-244.48,-0.348,-23.27,不分配不转增,汽车行业,08-31,http://data.eastmoney.com/bbsj/000927.html
286,000923,河北宣工,详细,0.088,23.12亿,3.44,1.97,5760万,-53.93,-28.17,9.6864,0.87,0.4655,57.39,不分配不转增,机械行业,08-31,http://data.eastmoney.com/bbsj/000923.html
287,000917,电广传媒,详细,-0.02,46.37亿,22.40,-1.57,-3533万,-128.96,134.58,7.0154,-0.35,0.2685,19.05,不分配不转增,文化传媒,08-31,http://data.eastmoney.com/bbsj/000917.html
288,000913,钱江摩托,详细,0.15,19.11亿,53.20,46.13,6739万,33.04,131.94,5.4783,2.75,0.2262,19.10,不分配不转增,交运设备,08-31,http://data.eastmoney.com/bbsj/000913.html
289,000912,*ST天化,详细,0.462,21.38亿,12.54,42.72,2.71亿,797.28,109.68,-1.1789,-21.96,0.4489,22.38,不分配不转增,化肥行业,08-31,http://data.eastmoney.com/bbsj/000912.html
290,600369,西南证券,详细,0.05,14.16亿,3.65,-2.73,3.05亿,-16.91,-83.64,3.3635,1.58,0.9445,-,不分配不转增,券商信托,08-31,http://data.eastmoney.com/bbsj/600369.html
291,600363,联创光电,详细,0.2578,16.80亿,23.56,12.71,1.14亿,-1.10,89.21,5.2631,4.98,0.1052,12.36,不分配不转增,电子元件,08-31,http://data.eastmoney.com/bbsj/600363.html
292,600360,华微电子,详细,0.07,8.20亿,19.11,7.17,5035万,47.28,32.02,2.8892,2.35,0.1919,20.97,不分配不转增,电子元件,08-31,http://data.eastmoney.com/bbsj/600360.html
293,600358,国旅联合,详细,-0.0189,1.46亿,74.86,-31.47,-953万,58.36,-886.27,1.0533,-1.81,-0.0644,20.63,不分配不转增,旅游酒店,08-31,http://data.eastmoney.com/bbsj/600358.html
294,000901,航天科技,详细,0.0711,28.69亿,4.59,8.23,4364万,-38.64,617.37,6.2034,1.15,0.0663,19.26,不分配不转增,航天航空,08-31,http://data.eastmoney.com/bbsj/000901.html
295,000897,津滨发展,详细,-0.0144,6782万,0.81,-15.02,-2331万,39.51,-25.23,0.715,-2.00,0.1373,33.50,不分配不转增,房地产,08-31,http://data.eastmoney.com/bbsj/000897.html
296,001896,豫能控股,详细,-0.2713,44.34亿,38.46,-16.01,-3.12亿,-539.43,44.98,5.2507,-5.04,0.2178,-5.44,不分配不转增,电力行业,08-31,http://data.eastmoney.com/bbsj/001896.html
297,600199,金种子酒,详细,0.0108,5.49亿,-4.19,-21.30,601万,18.00,-118.78,4.043,0.27,-0.3874,49.03,不分配不转增,酿酒行业,08-31,http://data.eastmoney.com/bbsj/600199.html
298,600182,S佳通,详细,0.1218,16.40亿,-1.36,-1.98,4141万,132.38,-12.82,2.5492,4.72,0.5201,15.56,不分配不转增,汽车行业,08-31,http://data.eastmoney.com/bbsj/600182.html
299,000040,东旭蓝天,详细,0.985,35.68亿,10.92,134.69,13.17亿,769.56,-78.50,9.5306,10.88,-1.938,18.08,不分配不转增,环保工程,08-31,http://data.eastmoney.com/bbsj/000040.html
300,000036,华联控股,详细,0.333,14.08亿,-50.60,109.95,3.80亿,-63.84,161.15,3.7018,8.27,0.935,72.08,不分配不转增,房地产,08-31,http://data.eastmoney.com/bbsj/000036.html
301,000022,深赤湾A,详细,0.49,12.46亿,5.91,2.37,3.16亿,14.49,15.50,6.9547,6.79,0.5416,46.30,不分配不转增,港口水运,08-31,http://data.eastmoney.com/bbsj/000022.html
302,200022,深赤湾B,详细,0.49,12.46亿,5.91,2.37,3.16亿,14.49,15.50,6.9547,6.79,0.5416,46.30,不分配不转增,港口水运,08-31,http://data.eastmoney.com/bbsj/200022.html
303,200018,神州B,详细,0.0848,15.87亿,-47.54,-28.15,1.44亿,-46.39,-134.10,1.2987,6.61,0.6466,17.31,不分配不转增,装修装饰,08-31,http://data.eastmoney.com/bbsj/200018.html
304,000018,神州长城,详细,0.0848,15.87亿,-47.54,-28.15,1.44亿,-46.39,-134.10,1.2987,6.61,0.6466,17.31,不分配不转增,装修装饰,08-31,http://data.eastmoney.com/bbsj/000018.html
305,000010,美丽生态,详细,-0.1037,1.08亿,-60.67,-67.23,-8499万,-86.54,17.49,1.3072,-7.64,-0.0667,5.45,不分配不转增,园林工程,08-31,http://data.eastmoney.com/bbsj/000010.html
306,000007,全新好,详细,-0.0319,2239万,3.07,9.30,-1107万,-152.59,56.92,1.0849,-2.90,-0.0166,73.32,不分配不转增,房地产,08-31,http://data.eastmoney.com/bbsj/000007.html
307,600177,雅戈尔,详细,0.42,35.86亿,-33.59,13.21,14.89亿,-27.28,92.32,6.7947,6.00,0.3715,58.71,不分配不转增,房地产,08-31,http://data.eastmoney.com/bbsj/600177.html
308,600165,新日恒力,详细,-0.006,3.35亿,-40.53,6.13,-423万,65.02,-1070.14,1.2535,-0.49,-0.1801,7.07,不分配不转增,金属制品,08-31,http://data.eastmoney.com/bbsj/600165.html
309,600162,香江控股,详细,0.02,14.76亿,-32.07,138.72,6815万,-79.35,277.18,1.3746,1.15,-0.6587,47.47,不分配不转增,房地产,08-31,http://data.eastmoney.com/bbsj/600162.html
310,601398,工商银行,详细,0.45,3875亿,6.99,-3.52,1604亿,4.87,3.60,5.8712,7.67,0.5234,-,不分配不转增,银行,08-31,http://data.eastmoney.com/bbsj/601398.html
311,000800,一汽轿车,详细,0.0497,135亿,0.58,-11.38,8091万,-70.08,-45.06,4.9212,1.01,0.3717,20.65,不分配不转增,汽车行业,08-31,http://data.eastmoney.com/bbsj/000800.html
312,000796,凯撒旅游,详细,0.0955,37.67亿,10.66,9.48,7665万,-42.99,74.86,2.6091,4.62,-0.0247,18.28,不分配不转增,旅游酒店,08-31,http://data.eastmoney.com/bbsj/000796.html
313,000792,盐湖股份,详细,-0.4232,78.37亿,54.71,90.15,-11.79亿,-125.67,-231.12,6.2725,-6.02,0.9235,25.70,不分配不转增,化工行业,08-31,http://data.eastmoney.com/bbsj/000792.html
314,000790,泰合健康,详细,0.017,2.64亿,1.21,1.49,952万,-15.00,-19.88,1.4525,1.13,0.019,65.60,不分配不转增,医药制造,08-31,http://data.eastmoney.com/bbsj/000790.html
315,000780,平庄能源,详细,-0.02,10.85亿,-11.06,2.42,-2310万,-117.04,-371.77,4.3536,-0.51,-0.5586,43.15,不分配不转增,煤炭采选,08-31,http://data.eastmoney.com/bbsj/000780.html
316,000762,西藏矿业,详细,-0.0715,2.35亿,43.03,58.58,-3723万,-14.18,-10.58,4.0696,-1.74,-0.0486,13.63,不分配不转增,有色金属,08-31,http://data.eastmoney.com/bbsj/000762.html
317,600831,广电网络,详细,0.186,15.35亿,13.08,35.05,1.13亿,-4.56,45.27,5.0279,3.75,0.1372,32.22,不分配不转增,文化传媒,08-31,http://data.eastmoney.com/bbsj/600831.html
318,600817,ST宏盛,详细,0.0014,1390万,355.92,-3.02,22.17万,119.31,-146.61,0.6016,0.23,-0.0334,38.95,不分配不转增,多元金融,08-31,http://data.eastmoney.com/bbsj/600817.html
319,600811,东方集团,详细,0.1414,42.95亿,19.47,45.33,5.25亿,30.11,115.80,5.4843,2.60,0.2513,4.31,不分配不转增,综合行业,08-31,http://data.eastmoney.com/bbsj/600811.html
320,601688,华泰证券,详细,0.441,82.16亿,1.23,-8.46,31.59亿,5.53,-34.00,12.589,3.58,2.2753,-,10派3.00,券商信托,08-31,http://data.eastmoney.com/bbsj/601688.html
321,601901,方正证券,详细,0.03,23.09亿,-22.19,-21.65,2.06亿,-75.03,-134.97,4.55,0.55,-0.4529,-,不分配不转增,券商信托,08-31,http://data.eastmoney.com/bbsj/601901.html
322,002724,海洋王,详细,0.0465,4.91亿,18.33,24.40,3348万,103.42,-12.68,2.4198,1.90,-0.1023,67.85,不分配不转增,电子元件,08-31,http://data.eastmoney.com/bbsj/002724.html
323,603100,川仪股份,详细,0.25,16.37亿,12.81,42.52,9989万,40.93,174.83,5.132,4.92,-0.2222,31.69,不分配不转增,仪器仪表,08-31,http://data.eastmoney.com/bbsj/603100.html
324,600917,重庆燃气,详细,0.12,30.17亿,7.62,-13.39,1.91亿,1.49,-21.78,2.4295,4.96,0.3861,14.30,不分配不转增,公用事业,08-31,http://data.eastmoney.com/bbsj/600917.html
325,002862,实丰文化,详细,0.18,1.96亿,-0.71,50.20,1406万,-18.57,100.81,6.8893,2.56,0.1359,25.42,不分配不转增,文教休闲,08-31,http://data.eastmoney.com/bbsj/002862.html
326,603337,杰克股份,详细,0.72,20.51亿,48.38,-8.37,2.20亿,57.34,-11.50,7.35,9.97,0.2853,27.43,不分配不转增,专用设备,08-31,http://data.eastmoney.com/bbsj/603337.html
327,603165,荣晟环保,详细,0.68,10.02亿,9.24,34.02,1.23亿,-32.97,4.49,6.1885,11.04,0.1945,16.41,不分配不转增,造纸印刷,08-31,http://data.eastmoney.com/bbsj/603165.html
328,603177,德创环保,详细,-0.02,2.92亿,-17.20,62.20,-354万,-130.82,151.32,2.6358,-0.67,-0.543,24.29,不分配不转增,环保工程,08-31,http://data.eastmoney.com/bbsj/603177.html
329,603228,景旺电子,详细,0.96,22.75亿,15.47,30.84,3.91亿,23.82,50.31,8.4891,11.49,0.7222,32.63,不分配不转增,电子元件,08-31,http://data.eastmoney.com/bbsj/603228.html
330,002361,神剑股份,详细,0.05,8.85亿,9.26,50.25,4521万,-18.27,58.28,2.2406,2.32,0.0158,17.23,不分配不转增,材料行业,08-30,http://data.eastmoney.com/bbsj/002361.html
331,002629,仁智股份,详细,-0.02,16.66亿,15.45,110.49,-710万,49.96,143.82,1.6201,-1.06,-0.0283,1.64,不分配不转增,石油行业,08-30,http://data.eastmoney.com/bbsj/002629.html
332,300029,天龙光电,详细,-0.1069,787万,-88.20,8.01,-2138万,7.02,24.42,1.1681,-8.75,-0.0903,7.09,不分配不转增,电子元件,08-30,http://data.eastmoney.com/bbsj/300029.html
333,601515,东风股份,详细,0.32,16.28亿,10.64,0.15,3.58亿,0.56,-28.14,3.7081,8.97,0.0782,38.30,10派2.30,包装材料,08-30,http://data.eastmoney.com/bbsj/601515.html
334,002345,潮宏基,详细,0.18,16.27亿,3.70,-6.83,1.67亿,2.75,-20.85,3.8702,4.76,0.2166,39.54,不分配不转增,珠宝首饰,08-30,http://data.eastmoney.com/bbsj/002345.html
335,300225,金力泰,详细,0.0115,3.62亿,-1.98,13.02,540万,-79.26,-129.37,1.9036,0.60,-0.0294,18.66,不分配不转增,化工行业,08-30,http://data.eastmoney.com/bbsj/300225.html
336,002325,洪涛股份,详细,0.09,20.41亿,4.61,37.02,1.10亿,6.12,-4.98,2.9424,2.99,0.0604,21.04,不分配不转增,装修装饰,08-30,http://data.eastmoney.com/bbsj/002325.html
337,002495,佳隆股份,详细,0.0263,1.72亿,18.76,-1.40,2459万,36.36,18.77,1.23,2.14,0.0319,45.06,不分配不转增,食品饮料,08-30,http://data.eastmoney.com/bbsj/002495.html
338,300008,天海防务,详细,0.0436,5.89亿,-20.22,-64.49,4189万,-51.67,444.94,2.7828,1.57,0.0358,8.80,不分配不转增,船舶制造,08-30,http://data.eastmoney.com/bbsj/300008.html
339,300117,嘉寓股份,详细,0.08,18.68亿,58.64,156.08,5603万,171.83,216.18,2.1202,3.74,-0.5174,13.05,不分配不转增,水泥建材,08-30,http://data.eastmoney.com/bbsj/300117.html
340,300031,宝通科技,详细,0.3587,9.89亿,32.55,28.27,1.42亿,33.30,65.26,6.0295,6.04,0.3125,55.90,不分配不转增,软件服务,08-30,http://data.eastmoney.com/bbsj/300031.html
341,300091,金通灵,详细,0.1968,10.52亿,65.69,73.12,1.09亿,55.36,47.53,3.7448,7.37,-0.156,23.45,10转9.00,机械行业,08-30,http://data.eastmoney.com/bbsj/300091.html
342,300290,荣科科技,详细,0.0195,2.23亿,28.58,32.77,639万,-60.64,-83.31,2.6002,0.83,-0.1162,32.16,不分配不转增,软件服务,08-30,http://data.eastmoney.com/bbsj/300290.html
343,601888,中国国旅,详细,0.9829,211亿,67.77,38.27,19.19亿,47.60,-34.53,7.6582,12.94,1.1319,41.22,不分配不转增,旅游酒店,08-30,http://data.eastmoney.com/bbsj/601888.html
344,300228,富瑞特装,详细,-0.058,5.44亿,-32.68,36.23,-2746万,-162.69,-1374.02,3.7574,-1.53,0.0827,27.59,不分配不转增,机械行业,08-30,http://data.eastmoney.com/bbsj/300228.html
345,300203,聚光科技,详细,0.373,13.50亿,36.30,63.39,1.69亿,66.42,271.00,7.1297,5.26,-0.4044,50.43,不分配不转增,仪器仪表,08-30,http://data.eastmoney.com/bbsj/300203.html
346,601179,中国西电,详细,0.05,58.26亿,-7.08,36.02,2.54亿,-57.19,-55.02,3.7713,1.31,-0.458,26.15,不分配不转增,输配电气,08-30,http://data.eastmoney.com/bbsj/601179.html
347,002656,摩登大道,详细,0.07,6.44亿,40.23,-4.48,5269万,-49.96,-59.15,3.372,2.21,-0.1177,51.35,不分配不转增,纺织服装,08-30,http://data.eastmoney.com/bbsj/002656.html
348,300053,欧比特,详细,0.089,3.76亿,15.68,14.61,5900万,7.35,60.47,4.5216,2.25,-0.0572,41.13,不分配不转增,安防设备,08-30,http://data.eastmoney.com/bbsj/300053.html
349,002808,苏州恒久,详细,0.068,1.35亿,-3.95,22.49,1302万,-18.81,192.80,2.8857,2.38,-0.2242,21.53,不分配不转增,电子元件,08-30,http://data.eastmoney.com/bbsj/002808.html
350,300207,欣旺达,详细,0.16,75.52亿,38.08,13.66,2.21亿,21.25,-8.43,3.492,5.16,0.2739,12.71,不分配不转增,输配电气,08-30,http://data.eastmoney.com/bbsj/300207.html
351,300111,向日葵,详细,-0.17,3.81亿,-48.07,-1.42,-1.94亿,-2068.46,-301.10,1.0031,-15.89,0.111,5.44,不分配不转增,输配电气,08-30,http://data.eastmoney.com/bbsj/300111.html
352,300090,盛运环保,详细,-0.0701,4.54亿,-43.35,-72.11,-9253万,-267.38,-1369.73,2.6213,-2.45,0.0876,31.22,不分配不转增,环保工程,08-30,http://data.eastmoney.com/bbsj/300090.html
353,300221,银禧科技,详细,0.0815,12.00亿,6.24,-11.31,4117万,-59.53,-117.91,4.3767,1.83,0.1001,17.42,不分配不转增,塑胶制品,08-30,http://data.eastmoney.com/bbsj/300221.html
354,300044,赛为智能,详细,0.1066,5.85亿,0.48,46.34,8302万,66.16,-1.30,2.9795,3.62,-0.2489,32.71,不分配不转增,软件服务,08-30,http://data.eastmoney.com/bbsj/300044.html
355,300022,吉峰科技,详细,0.0058,13.62亿,-7.61,104.27,220万,112.87,268.82,0.5415,1.07,0.0055,14.00,不分配不转增,机械行业,08-30,http://data.eastmoney.com/bbsj/300022.html
356,300246,宝莱特,详细,0.2331,3.89亿,20.73,10.03,3405万,-11.07,-19.16,3.6435,6.52,0.0471,37.48,不分配不转增,医疗行业,08-30,http://data.eastmoney.com/bbsj/300246.html
357,002375,亚厦股份,详细,0.15,42.10亿,3.75,25.22,2.02亿,12.51,43.68,5.7088,2.65,-0.6068,14.00,不分配不转增,装修装饰,08-30,http://data.eastmoney.com/bbsj/002375.html
358,002314,南山控股,详细,-0.0048,17.34亿,-22.53,19.17,-904万,-106.60,174.08,3.1322,-0.13,-0.7133,42.55,不分配不转增,房地产,08-30,http://data.eastmoney.com/bbsj/002314.html
359,002504,弘高创意,详细,0.01,5.99亿,-47.01,44.90,1049万,-87.14,216.08,0.9307,1.07,-0.0229,18.03,不分配不转增,装修装饰,08-30,http://data.eastmoney.com/bbsj/002504.html
360,300187,永清环保,详细,0.0292,3.87亿,-40.49,66.07,1881万,-67.50,-91.52,2.5359,1.15,-0.2954,23.60,不分配不转增,环保工程,08-30,http://data.eastmoney.com/bbsj/300187.html
361,601117,中国化学,详细,0.22,340亿,36.34,27.96,10.85亿,27.95,71.03,5.8779,3.75,0.668,11.93,不分配不转增,工程建设,08-30,http://data.eastmoney.com/bbsj/601117.html
362,300216,千山药机,详细,-0.58,1.23亿,-32.99,-25.09,-2.08亿,-70.03,-67.11,1.2812,-36.70,0.2353,26.98,不分配不转增,医疗行业,08-30,http://data.eastmoney.com/bbsj/300216.html
363,002638,勤上股份,详细,0.05,6.53亿,-24.51,5.55,8296万,0.98,-48.44,3.4551,1.58,-0.012,28.85,不分配不转增,电子元件,08-30,http://data.eastmoney.com/bbsj/002638.html
364,002356,赫美集团,详细,-0.5189,11.49亿,-15.34,-16.81,-1.61亿,-289.15,-899.77,5.2784,-9.37,-0.9294,52.79,不分配不转增,商业百货,08-30,http://data.eastmoney.com/bbsj/002356.html
365,300163,先锋新材,详细,-0.04,2.88亿,-19.49,20.22,-2052万,-904.16,31.38,1.4055,-3.03,-0.0558,41.62,不分配不转增,材料行业,08-30,http://data.eastmoney.com/bbsj/300163.html
366,300206,理邦仪器,详细,0.1083,4.88亿,16.39,9.06,6337万,29.76,47.76,2.0852,5.04,0.0603,54.39,不分配不转增,医疗行业,08-30,http://data.eastmoney.com/bbsj/300206.html
367,002374,丽鹏股份,详细,0.04,7.08亿,-10.89,-2.27,3828万,-38.12,46.93,3.6731,1.19,-0.3915,13.86,不分配不转增,园林工程,08-30,http://data.eastmoney.com/bbsj/002374.html
368,300292,吴通控股,详细,0.08,14.38亿,25.29,1.28,9676万,9.86,-3.15,2.1603,3.51,0.1237,22.22,不分配不转增,通讯行业,08-30,http://data.eastmoney.com/bbsj/300292.html
369,601717,郑煤机,详细,0.26,127亿,290.04,307.87,4.56亿,179.66,97.57,6.4254,4.14,-0.201,19.76,不分配不转增,机械行业,08-30,http://data.eastmoney.com/bbsj/601717.html
370,300261,雅本化学,详细,0.0794,8.99亿,66.22,-18.15,7646万,83.49,7.41,2.0226,3.99,0.2973,27.11,10派0.40,化工行业,08-30,http://data.eastmoney.com/bbsj/300261.html
371,300002,神州泰岳,详细,-0.0693,6.53亿,-45.31,0.08,-1.36亿,-987.50,-94.25,2.5592,-2.68,-0.041,73.78,不分配不转增,软件服务,08-30,http://data.eastmoney.com/bbsj/300002.html
372,300108,吉药控股,详细,0.113,4.06亿,21.20,95.72,7529万,1.38,11.88,3.039,3.78,0.0432,36.34,不分配不转增,化工行业,08-30,http://data.eastmoney.com/bbsj/300108.html
373,300262,巴安水务,详细,0.18,6.30亿,-21.06,13.43,1.21亿,0.66,208.94,3.374,5.48,-0.1509,33.61,不分配不转增,环保工程,08-30,http://data.eastmoney.com/bbsj/300262.html
374,300115,长盈精密,详细,0.1,36.24亿,-1.99,20.31,9139万,-74.11,101.97,4.8889,2.04,0.5665,22.01,不分配不转增,电子元件,08-30,http://data.eastmoney.com/bbsj/300115.html
375,002286,保龄宝,详细,0.1,8.19亿,2.78,11.62,3703万,2.00,59.46,4.1408,2.42,0.3651,14.08,不分配不转增,食品饮料,08-30,http://data.eastmoney.com/bbsj/002286.html
376,002228,合兴包装,详细,0.35,48.20亿,89.53,38.36,4.10亿,476.37,632.75,2.2403,16.56,0.0387,11.68,不分配不转增,包装材料,08-30,http://data.eastmoney.com/bbsj/002228.html
377,002260,*ST德奥,详细,-0.23,2.89亿,-12.12,-17.56,-6024万,-51.73,-51.58,-0.8843,-29.90,0.1335,16.71,不分配不转增,家电行业,08-30,http://data.eastmoney.com/bbsj/002260.html
378,002231,奥维通信,详细,0.0028,1.24亿,-13.20,51.23,101万,106.51,-166.54,1.9292,0.15,0.0222,16.52,不分配不转增,通讯行业,08-30,http://data.eastmoney.com/bbsj/002231.html
379,300229,拓尔思,详细,0.0387,3.43亿,9.27,15.16,1815万,7.95,907.59,3.8289,1.00,0.1033,59.35,不分配不转增,软件服务,08-30,http://data.eastmoney.com/bbsj/300229.html
380,002188,*ST巴士,详细,-0.5,6730万,-78.27,1.08,-1.47亿,-2439.47,22.88,-0.461,-233.51,-0.2931,-83.37,不分配不转增,电子元件,08-30,http://data.eastmoney.com/bbsj/002188.html
381,002304,洋河股份,详细,3.32,145亿,26.12,-47.52,50.05亿,28.06,-55.98,20.2929,15.95,1.1007,71.50,不分配不转增,酿酒行业,08-30,http://data.eastmoney.com/bbsj/002304.html
382,002346,柘中股份,详细,0.1,2.91亿,113.88,-22.91,4359万,7.17,70.05,4.7357,2.07,0.2613,20.99,不分配不转增,输配电气,08-30,http://data.eastmoney.com/bbsj/002346.html
383,002199,东晶电子,详细,-0.0426,9635万,-3.43,-1.37,-1037万,-527.78,39.53,1.8485,-2.28,0.0632,11.39,不分配不转增,电子元件,08-30,http://data.eastmoney.com/bbsj/002199.html
384,601992,金隅集团,详细,0.23,354亿,20.02,155.81,24.10亿,30.54,1333.65,3.9637,4.59,-0.3408,27.80,不分配不转增,水泥建材,08-30,http://data.eastmoney.com/bbsj/601992.html
385,002178,延华智能,详细,0.03,5.51亿,-0.01,-22.35,2175万,452.88,569.32,1.6135,1.88,-0.1994,9.65,不分配不转增,软件服务,08-30,http://data.eastmoney.com/bbsj/002178.html
386,300271,华宇软件,详细,0.29,9.96亿,17.52,83.06,2.15亿,37.50,224.08,5.2319,5.61,-0.6184,43.92,不分配不转增,软件服务,08-30,http://data.eastmoney.com/bbsj/300271.html
387,601028,玉龙股份,详细,0.1015,8.84亿,38.10,38.41,7945万,30326.78,1906.09,2.6879,3.85,0.0201,5.92,不分配不转增,金属制品,08-30,http://data.eastmoney.com/bbsj/601028.html
388,002156,通富微电,详细,0.09,34.78亿,16.98,12.03,1.01亿,18.12,76.30,5.2413,1.70,0.1419,17.07,不分配不转增,电子元件,08-30,http://data.eastmoney.com/bbsj/002156.html
389,002133,广宇集团,详细,0.34,22.44亿,14.50,-66.38,2.66亿,335.07,-72.24,4.0742,8.64,-0.1055,45.91,不分配不转增,房地产,08-30,http://data.eastmoney.com/bbsj/002133.html
390,601872,招商轮船,详细,0.0199,26.85亿,-17.83,-6.95,1.05亿,-79.62,23.35,2.9238,0.69,0.1551,10.39,不分配不转增,港口水运,08-30,http://data.eastmoney.com/bbsj/601872.html
391,002113,天润数娱,详细,0.0196,2.88亿,214.95,-14.05,3005万,75.16,-78.05,1.7623,1.12,0.0416,52.10,不分配不转增,软件服务,08-30,http://data.eastmoney.com/bbsj/002113.html
392,002115,三维通信,详细,0.1303,14.29亿,216.51,74.81,6933万,307.75,118.77,3.9224,3.35,-0.3128,14.35,不分配不转增,通讯行业,08-30,http://data.eastmoney.com/bbsj/002115.html
393,002112,三变科技,详细,-0.09,2.63亿,23.21,47.63,-1850万,39.29,-40.93,1.7843,-5.01,-0.2327,11.75,不分配不转增,输配电气,08-30,http://data.eastmoney.com/bbsj/002112.html
394,002099,海翔药业,详细,0.17,13.66亿,11.24,23.65,2.76亿,13.31,416.18,3.2416,5.25,0.0865,41.76,不分配不转增,医药制造,08-30,http://data.eastmoney.com/bbsj/002099.html
395,002094,青岛金王,详细,0.29,27.41亿,37.04,29.55,1.28亿,-58.28,67.49,4.2171,4.88,-0.5467,21.81,不分配不转增,化工行业,08-30,http://data.eastmoney.com/bbsj/002094.html
396,300049,福瑞股份,详细,0.18,3.88亿,-5.82,21.68,4822万,21.71,276.66,5.3427,3.17,0.1378,68.87,不分配不转增,医药制造,08-30,http://data.eastmoney.com/bbsj/300049.html
397,002074,国轩高科,详细,0.41,26.07亿,8.76,45.96,4.66亿,4.57,89.25,7.5603,5.58,-0.1221,33.71,不分配不转增,材料行业,08-30,http://data.eastmoney.com/bbsj/002074.html
398,002082,万邦德,详细,0.14,64.36亿,9.67,37.30,3446万,15.92,173.36,6.0887,2.40,-0.2526,3.22,不分配不转增,有色金属,08-30,http://data.eastmoney.com/bbsj/002082.html
399,002396,星网锐捷,详细,0.2011,35.17亿,47.39,69.31,1.17亿,126.39,1956.64,5.5077,3.60,-1.0845,27.18,不分配不转增,通讯行业,08-30,http://data.eastmoney.com/bbsj/002396.html
400,002308,威创股份,详细,0.11,5.21亿,9.70,40.91,9607万,-7.41,110.39,3.8803,2.73,-0.0094,53.10,不分配不转增,电子元件,08-30,http://data.eastmoney.com/bbsj/002308.html
401,002065,东华软件,详细,0.1063,31.24亿,24.03,23.13,3.34亿,-45.53,48.03,2.9392,3.68,-0.3583,32.17,不分配不转增,软件服务,08-30,http://data.eastmoney.com/bbsj/002065.html
402,002071,长城影视,详细,0.1265,5.75亿,118.53,46.94,6647万,2.41,161.06,1.3687,9.70,0.3918,36.18,不分配不转增,文化传媒,08-30,http://data.eastmoney.com/bbsj/002071.html
403,002076,雪莱特,详细,-0.02,3.55亿,-21.46,-13.99,-1619万,-208.04,-329.81,1.679,-1.48,-0.0635,25.12,不分配不转增,电子元件,08-30,http://data.eastmoney.com/bbsj/002076.html
404,002073,软控股份,详细,0.07,12.21亿,-2.12,4.52,6302万,2.19,186.98,4.9774,1.37,0.0135,23.40,不分配不转增,电子信息,08-30,http://data.eastmoney.com/bbsj/002073.html
405,002070,*ST众和,详细,-0.1845,1.16亿,-72.26,46.94,-1.17亿,-69.84,-29.09,-1.0213,-19.29,-0.0103,19.12,不分配不转增,有色金属,08-30,http://data.eastmoney.com/bbsj/002070.html
406,601001,大同煤业,详细,0.28,53.09亿,8.68,-8.04,4.75亿,-20.80,180.51,3.2113,8.16,1.0118,58.30,不分配不转增,煤炭采选,08-30,http://data.eastmoney.com/bbsj/601001.html
407,002054,德美化工,详细,0.0679,8.33亿,-38.68,43.99,2847万,11.77,826.70,4.2678,1.59,0.1894,27.13,不分配不转增,化工行业,08-30,http://data.eastmoney.com/bbsj/002054.html
408,002337,赛象科技,详细,-0.05,1.42亿,-20.74,-45.61,-2834万,-160.81,12.05,2.0049,-2.37,-0.0212,31.68,不分配不转增,机械行业,08-30,http://data.eastmoney.com/bbsj/002337.html
409,002140,东华科技,详细,0.1655,11.82亿,39.54,92.27,7380万,9.86,83.06,4.545,3.71,-1.2894,16.11,不分配不转增,工程建设,08-30,http://data.eastmoney.com/bbsj/002140.html
410,002061,浙江交科,详细,0.51,105亿,42.97,41.81,6.71亿,69.47,25.02,4.555,11.47,-0.071,11.97,不分配不转增,工程建设,08-30,http://data.eastmoney.com/bbsj/002061.html
411,601099,太平洋,详细,-0.015,4.91亿,31.35,-55.07,-1.05亿,14.46,-2206.28,1.6949,-0.90,0.5189,-,不分配不转增,券商信托,08-30,http://data.eastmoney.com/bbsj/601099.html
412,300149,量子生物,详细,0.13,2.60亿,104.94,129.82,5426万,65.44,298.70,4.1667,6.49,0.1326,46.10,不分配不转增,食品饮料,08-30,http://data.eastmoney.com/bbsj/300149.html
413,300269,联建光电,详细,0.2576,19.13亿,12.46,36.67,1.58亿,-14.67,843.31,8.2524,3.17,-0.1219,29.58,不分配不转增,电子元件,08-30,http://data.eastmoney.com/bbsj/300269.html
414,002153,石基信息,详细,0.19,12.56亿,2.91,36.45,2.04亿,11.82,104.92,7.5699,3.05,0.0821,47.89,不分配不转增,软件服务,08-30,http://data.eastmoney.com/bbsj/002153.html
415,002332,仙琚制药,详细,0.13,17.59亿,38.06,11.92,1.23亿,51.91,104.44,2.6426,5.15,0.0946,57.55,不分配不转增,医疗行业,08-30,http://data.eastmoney.com/bbsj/002332.html
416,300077,国民技术,详细,0.02,4.12亿,15.24,10.63,1240万,-72.43,-115.70,4.5719,0.48,-0.3303,34.34,不分配不转增,电子元件,08-30,http://data.eastmoney.com/bbsj/300077.html
417,300139,晓程科技,详细,-,1.24亿,-6.95,21.64,125万,54.88,204.61,4.0856,0.11,0.0481,50.25,不分配不转增,电子元件,08-30,http://data.eastmoney.com/bbsj/300139.html
418,000524,岭南控股,详细,0.15,31.37亿,11.47,-3.77,1.00亿,24.39,62.59,3.6618,3.86,0.1626,15.84,不分配不转增,旅游酒店,08-30,http://data.eastmoney.com/bbsj/000524.html
419,000520,长航凤凰,详细,0.0507,4.59亿,21.80,16.75,5126万,172.66,156.96,0.3629,14.98,0.0746,24.66,不分配不转增,港口水运,08-30,http://data.eastmoney.com/bbsj/000520.html
420,000506,中润资源,详细,-0.0282,2.02亿,-25.59,5.13,-2622万,80.51,143.33,1.0517,-2.64,0.1757,11.29,不分配不转增,贵金属,08-30,http://data.eastmoney.com/bbsj/000506.html
421,600876,洛阳玻璃,详细,0.0395,7.02亿,-0.30,90.08,2198万,11.37,340.44,2.2556,1.83,-0.1346,26.16,不分配不转增,玻璃陶瓷,08-30,http://data.eastmoney.com/bbsj/600876.html
422,600861,北京城乡,详细,0.0833,9.70亿,-16.73,-23.51,2638万,-42.80,-51.29,7.3732,1.12,0.0255,29.79,不分配不转增,商业百货,08-30,http://data.eastmoney.com/bbsj/600861.html
423,000659,珠海中富,详细,0.0061,8.68亿,5.13,32.13,781万,-24.68,268.84,0.5182,1.18,0.0448,22.07,不分配不转增,包装材料,08-30,http://data.eastmoney.com/bbsj/000659.html
424,000638,万方发展,详细,-0.0532,4596万,-46.09,17.73,-1645万,-415.98,-7.07,0.7984,-6.45,-0.2261,42.00,不分配不转增,国际贸易,08-30,http://data.eastmoney.com/bbsj/000638.html
425,000630,铜陵有色,详细,0.039,407亿,6.27,29.59,4.12亿,74.41,3.52,1.6634,2.36,-0.0674,5.37,不分配不转增,有色金属,08-30,http://data.eastmoney.com/bbsj/000630.html
426,000623,吉林敖东,详细,0.52,15.81亿,28.95,23.28,6.08亿,-33.25,-12.69,17.4474,2.95,0.162,71.98,不分配不转增,医药制造,08-30,http://data.eastmoney.com/bbsj/000623.html
427,000622,恒立实业,详细,-0.0091,3655万,72.55,75.71,-386万,51.42,47.98,0.432,-2.08,-0.0614,16.34,不分配不转增,机械行业,08-30,http://data.eastmoney.com/bbsj/000622.html
428,000609,中迪投资,详细,-0.02,1412万,-93.38,56.54,-595万,-104.80,146.03,5.2481,-0.38,-2.4322,27.51,不分配不转增,房地产,08-30,http://data.eastmoney.com/bbsj/000609.html
429,000597,东北制药,详细,0.23,37.49亿,35.54,-10.57,1.16亿,193.21,22.86,5.9288,4.67,-0.3808,40.91,不分配不转增,医药制造,08-30,http://data.eastmoney.com/bbsj/000597.html
430,600855,航天长峰,详细,-0.0166,5.31亿,3.08,130.02,-556万,-4571.11,176.04,3.1806,-0.56,-1.0562,20.87,10派0.088,安防设备,08-30,http://data.eastmoney.com/bbsj/600855.html
431,600854,春兰股份,详细,0.2169,5.02亿,131.87,-11.23,1.13亿,39.27,229.74,3.9549,5.61,-0.2084,27.48,不分配不转增,家电行业,08-30,http://data.eastmoney.com/bbsj/600854.html
432,600848,上海临港,详细,0.1394,6.41亿,-29.26,29.12,1.56亿,-18.08,33.91,5.8311,2.40,-1.2087,57.96,不分配不转增,房地产,08-30,http://data.eastmoney.com/bbsj/600848.html
433,900928,临港B股,详细,0.1394,6.41亿,-29.26,29.12,1.56亿,-18.08,33.91,5.8311,2.40,-1.2087,57.96,不分配不转增,房地产,08-30,http://data.eastmoney.com/bbsj/900928.html
434,600838,上海九百,详细,0.124,3590万,-19.75,-18.08,4971万,-0.61,27.45,2.9524,3.93,-0.0245,61.24,不分配不转增,商业百货,08-30,http://data.eastmoney.com/bbsj/600838.html
435,600018,上港集团,详细,0.1461,175亿,4.73,2.57,33.87亿,0.41,5.12,2.9655,4.80,0.0657,30.04,不分配不转增,港口水运,08-30,http://data.eastmoney.com/bbsj/600018.html
436,000752,西藏发展,详细,0.0266,1.69亿,-4.52,-14.12,701万,0.03,9.21,3.0169,0.89,0.3766,26.32,不分配不转增,酿酒行业,08-30,http://data.eastmoney.com/bbsj/000752.html
437,000709,河钢股份,详细,0.172,562亿,3.15,24.40,18.22亿,45.67,288.63,4.3887,3.81,0.4086,14.40,不分配不转增,钢铁行业,08-30,http://data.eastmoney.com/bbsj/000709.html
438,000707,*ST双环,详细,0.7364,18.19亿,-13.01,9.43,3.42亿,752.99,564.58,0.8549,62.23,-0.1431,6.02,不分配不转增,化工行业,08-30,http://data.eastmoney.com/bbsj/000707.html
439,001696,宗申动力,详细,0.1477,30.69亿,15.32,21.72,1.69亿,3.24,82.36,3.4049,4.40,-0.4116,15.76,不分配不转增,交运设备,08-30,http://data.eastmoney.com/bbsj/001696.html
440,000685,中山公用,详细,0.26,7.87亿,13.03,14.25,3.86亿,-26.57,4.07,8.1977,3.18,0.2199,32.51,不分配不转增,公用事业,08-30,http://data.eastmoney.com/bbsj/000685.html
441,000681,视觉中国,详细,0.1953,4.82亿,25.84,110.07,1.37亿,43.26,142.76,3.8265,5.56,0.0893,60.47,不分配不转增,文化传媒,08-30,http://data.eastmoney.com/bbsj/000681.html
442,600837,海通证券,详细,0.26,109亿,-14.58,-8.19,30.31亿,-24.67,-25.01,10.1723,2.56,-1.0079,-,不分配不转增,券商信托,08-30,http://data.eastmoney.com/bbsj/600837.html
443,601555,东吴证券,详细,0.01,15.36亿,-24.96,-13.66,2625万,-93.85,-155.33,6.7154,0.13,0.8566,-,不分配不转增,券商信托,08-30,http://data.eastmoney.com/bbsj/601555.html
444,000564,供销大集,详细,0.07,86.40亿,-17.02,-21.71,4.21亿,18.00,25.16,5.126,1.38,0.3013,16.38,不分配不转增,商业百货,08-30,http://data.eastmoney.com/bbsj/000564.html
445,000563,陕国投A,详细,0.066,5.09亿,-1.96,-12.02,2.04亿,-23.71,-33.16,2.594,2.55,0.1495,-,不分配不转增,多元金融,08-30,http://data.eastmoney.com/bbsj/000563.html
446,000560,我爱我家,详细,0.142,53.30亿,741.86,12.63,3.29亿,1189.71,25.34,4.11,3.54,0.3109,32.01,不分配不转增,房地产,08-30,http://data.eastmoney.com/bbsj/000560.html
447,000558,莱茵体育,详细,0.0155,4.35亿,-56.27,547.33,1998万,37.78,-9.89,1.0432,1.50,0.4028,28.10,不分配不转增,石油行业,08-30,http://data.eastmoney.com/bbsj/000558.html
448,000555,神州信息,详细,0.26,41.61亿,12.93,-11.84,2.50亿,172.54,649.21,5.3474,5.00,-0.8799,18.93,不分配不转增,电子信息,08-30,http://data.eastmoney.com/bbsj/000555.html
449,000543,皖能电力,详细,0.0786,58.66亿,9.39,-5.13,1.41亿,357.30,-35.90,5.3427,1.43,0.3801,4.43,不分配不转增,电力行业,08-30,http://data.eastmoney.com/bbsj/000543.html
450,000541,佛山照明,详细,0.1638,20.65亿,2.02,-16.20,2.29亿,0.34,37.46,3.0492,5.32,0.1034,23.51,不分配不转增,电子元件,08-30,http://data.eastmoney.com/bbsj/000541.html
451,200541,粤照明B,详细,0.1638,20.65亿,2.02,-16.20,2.29亿,0.34,37.46,3.0492,5.32,0.1034,23.51,不分配不转增,电子元件,08-30,http://data.eastmoney.com/bbsj/200541.html
452,000875,吉电股份,详细,0.0718,35.27亿,46.35,-24.53,1.54亿,306.35,-89.65,3.4839,2.08,0.3899,22.29,不分配不转增,电力行业,08-30,http://data.eastmoney.com/bbsj/000875.html
453,000869,张裕A,详细,0.93,28.28亿,2.21,-43.23,6.36亿,-5.11,-67.38,13.9073,6.89,0.8064,65.54,不分配不转增,酿酒行业,08-30,http://data.eastmoney.com/bbsj/000869.html
454,200869,张裕B,详细,0.93,28.28亿,2.21,-43.23,6.36亿,-5.11,-67.38,13.9073,6.89,0.8064,65.54,不分配不转增,酿酒行业,08-30,http://data.eastmoney.com/bbsj/200869.html
455,600890,中房股份,详细,-0.0361,34.39万,-60.82,-43.67,-2088万,-14.63,-33.82,0.4714,-7.37,-0.0422,-602.99,不分配不转增,金属制品,08-30,http://data.eastmoney.com/bbsj/600890.html
456,600738,兰州民百,详细,0.091,7.31亿,4.69,-26.53,7136万,-12.05,-74.61,2.3313,3.90,0.0452,35.23,10派1.00,商业百货,08-30,http://data.eastmoney.com/bbsj/600738.html
457,002032,苏泊尔,详细,0.904,88.49亿,25.27,-18.92,7.39亿,22.59,-36.57,6.4757,13.21,0.4789,30.23,10派4.60,家电行业,08-30,http://data.eastmoney.com/bbsj/002032.html
458,002019,亿帆医药,详细,0.45,23.25亿,25.24,-14.37,5.40亿,12.20,-34.06,5.6577,8.10,0.572,48.53,10派3.00,医药制造,08-30,http://data.eastmoney.com/bbsj/002019.html
459,002016,世荣兆业,详细,0.5468,10.28亿,424.62,-89.90,4.42亿,4003.96,-90.92,2.8912,17.68,-0.1079,65.56,不分配不转增,房地产,08-30,http://data.eastmoney.com/bbsj/002016.html
460,002005,德豪润达,详细,0.0114,18.62亿,-3.23,13.98,2011万,129.68,469.17,3.408,0.32,0.1766,18.69,不分配不转增,家电行业,08-30,http://data.eastmoney.com/bbsj/002005.html
461,002004,华邦健康,详细,0.15,50.39亿,17.48,-13.19,3.10亿,-7.43,122.63,4.556,3.22,0.129,37.69,不分配不转增,农药兽药,08-30,http://data.eastmoney.com/bbsj/002004.html
462,600701,*ST工新,详细,-0.224,8.35亿,-51.72,-59.85,-2.32亿,-258.66,-515.97,3.8825,-5.61,-0.0526,33.00,不分配不转增,综合行业,08-30,http://data.eastmoney.com/bbsj/600701.html
463,300644,南京聚隆,详细,0.14,5.03亿,9.18,-5.04,1078万,-46.22,-15.57,10.4377,1.80,-0.3554,13.24,不分配不转增,塑胶制品,08-30,http://data.eastmoney.com/bbsj/300644.html
464,603301,振德医疗,详细,0.63,6.65亿,8.85,37.57,5210万,12.53,64.39,10.4562,7.14,-1.0594,28.41,不分配不转增,医疗行业,08-30,http://data.eastmoney.com/bbsj/603301.html
465,002928,华夏航空,详细,0.3149,20.28亿,32.22,4.57,1.22亿,-25.50,-51.96,4.9896,7.06,0.2974,18.85,不分配不转增,民航机场,08-30,http://data.eastmoney.com/bbsj/002928.html
466,002936,郑州银行,详细,0.44,51.59亿,6.00,1.51,23.67亿,4.19,4.86,4.8622,-,-0.5717,-,-,银行,08-30,http://data.eastmoney.com/bbsj/002936.html
467,300726,宏达电子,详细,0.3234,3.09亿,28.86,25.15,1.29亿,35.45,105.27,3.7484,9.02,-0.0497,68.33,不分配不转增,电子元件,08-30,http://data.eastmoney.com/bbsj/300726.html
468,300702,天宇股份,详细,0.22,6.47亿,6.16,16.30,4056万,-46.18,-0.70,7.2076,3.11,-0.2948,31.26,不分配不转增,医药制造,08-30,http://data.eastmoney.com/bbsj/300702.html
469,300696,爱乐达,详细,0.33,7252万,13.78,183.56,3895万,8.32,228.65,6.1286,5.45,-0.0824,68.15,不分配不转增,航天航空,08-30,http://data.eastmoney.com/bbsj/300696.html
470,300743,天地数码,详细,0.37,2.00亿,8.51,15.92,2024万,-10.70,-15.03,5.8981,8.44,-0.0878,31.76,10派2.00,电子信息,08-30,http://data.eastmoney.com/bbsj/300743.html
471,601068,中铝国际,详细,0.08,141亿,-5.73,26.68,2.32亿,15.10,410.26,2.815,-,-0.2948,9.12,-,工程建设,08-30,http://data.eastmoney.com/bbsj/601068.html
472,600025,华能水电,详细,0.05,64.70亿,-0.17,18.18,8.67亿,-42.89,55.83,2.1837,2.23,0.2491,48.65,不分配不转增,电力行业,08-30,http://data.eastmoney.com/bbsj/600025.html
473,300687,赛意信息,详细,0.1764,3.61亿,11.93,33.12,2540万,-32.42,60.71,5.3743,3.28,-0.4262,28.71,不分配不转增,软件服务,08-30,http://data.eastmoney.com/bbsj/300687.html
474,300672,国科微,详细,-0.51,9833万,-19.35,117.54,-5717万,-123.79,49.16,8.068,-6.14,-2.3364,29.84,不分配不转增,电子元件,08-30,http://data.eastmoney.com/bbsj/300672.html
475,300656,民德电子,详细,0.2658,8965万,60.39,111.30,2392万,30.10,89.17,4.7536,5.64,-0.2207,38.85,不分配不转增,电子信息,08-30,http://data.eastmoney.com/bbsj/300656.html
476,300666,江丰电子,详细,0.11,2.96亿,18.11,13.31,2459万,19.48,-12.44,2.6449,4.27,-0.0603,28.73,不分配不转增,材料行业,08-30,http://data.eastmoney.com/bbsj/300666.html
477,603813,原尚股份,详细,0.3,2.96亿,61.59,52.07,2692万,10.82,66.27,6.5365,4.65,-0.3826,18.04,不分配不转增,交运物流,08-30,http://data.eastmoney.com/bbsj/603813.html
478,300680,隆盛科技,详细,0.08,5979万,-34.37,28.74,559万,-60.76,136.69,4.869,1.63,-0.3783,28.56,不分配不转增,汽车行业,08-30,http://data.eastmoney.com/bbsj/300680.html
479,603683,晶华新材,详细,0.1375,3.95亿,17.53,27.59,1741万,-25.12,177.40,6.1734,2.23,-0.1597,19.51,不分配不转增,化工行业,08-30,http://data.eastmoney.com/bbsj/603683.html
480,603226,菲林格尔,详细,0.5,3.99亿,9.42,35.22,4307万,29.57,48.92,8.3876,5.73,0.2118,30.77,不分配不转增,木业家具,08-30,http://data.eastmoney.com/bbsj/603226.html
481,300652,雷迪克,详细,0.45,2.28亿,1.37,15.56,3984万,12.92,95.55,7.8095,5.91,0.2032,29.10,不分配不转增,汽车行业,08-30,http://data.eastmoney.com/bbsj/300652.html
482,300413,芒果超媒,详细,0.64,49.85亿,39.19,481.41,5.73亿,92.47,4114.66,5.4005,12.50,-0.3424,32.71,不分配不转增,文化传媒,08-30,http://data.eastmoney.com/bbsj/300413.html
483,603323,吴江银行,详细,0.35,15.19亿,11.38,17.58,5.05亿,15.41,58.90,6.0167,5.85,-0.3698,-,不分配不转增,银行,08-30,http://data.eastmoney.com/bbsj/603323.html
484,300550,和仁科技,详细,0.17,1.45亿,34.36,98.35,1418万,13.36,270.53,6.2431,2.76,-0.8968,44.13,不分配不转增,软件服务,08-30,http://data.eastmoney.com/bbsj/300550.html
485,603716,塞力斯,详细,0.27,5.74亿,59.46,20.92,4829万,30.05,58.96,7.6384,5.06,-0.4507,33.73,不分配不转增,医疗行业,08-30,http://data.eastmoney.com/bbsj/603716.html
486,300551,古鳌科技,详细,-0.1769,5183万,-31.24,40.59,-1947万,-185.25,53.62,4.5497,-3.79,-0.5638,43.16,不分配不转增,专用设备,08-30,http://data.eastmoney.com/bbsj/300551.html
487,603098,森特股份,详细,0.21,11.98亿,73.01,75.31,1.01亿,13.25,119.87,3.594,5.90,-0.3525,19.82,不分配不转增,工程建设,08-30,http://data.eastmoney.com/bbsj/603098.html
488,300493,润欣科技,详细,0.1,8.53亿,2.79,28.90,2944万,2.11,21.43,2.3885,5.30,0.0951,10.69,10派1.00,电子信息,08-30,http://data.eastmoney.com/bbsj/300493.html
489,300539,横河模具,详细,0.04,2.44亿,17.40,22.41,740万,-53.72,15.44,1.8098,1.95,0.0532,20.46,不分配不转增,塑胶制品,08-30,http://data.eastmoney.com/bbsj/300539.html
490,300426,唐德影视,详细,0.23,4.95亿,59.03,66.59,9012万,50.00,168.96,3.1957,7.33,-0.1617,43.04,不分配不转增,文化传媒,08-30,http://data.eastmoney.com/bbsj/300426.html
491,300488,恒锋工具,详细,0.55,1.69亿,17.44,29.76,5768万,27.00,58.70,8.6658,6.33,0.4511,55.75,不分配不转增,金属制品,08-30,http://data.eastmoney.com/bbsj/300488.html
492,603043,广州酒家,详细,0.1444,7.91亿,15.14,-22.02,5835万,42.09,-48.78,4.0136,3.41,0.4293,47.74,不分配不转增,食品饮料,08-30,http://data.eastmoney.com/bbsj/603043.html
493,300542,新晨科技,详细,0.05,2.14亿,-13.85,33.36,773万,2.20,304.77,3.8518,1.29,-0.9003,25.59,不分配不转增,软件服务,08-30,http://data.eastmoney.com/bbsj/300542.html
494,300509,新美星,详细,0.23,2.61亿,10.89,19.27,2355万,7.67,-1.39,3.7683,3.93,0.0988,31.02,不分配不转增,机械行业,08-30,http://data.eastmoney.com/bbsj/300509.html
495,300586,美联新材,详细,0.12,2.56亿,33.72,17.36,2778万,6.77,36.23,2.3703,4.67,0.0518,20.37,不分配不转增,化工行业,08-30,http://data.eastmoney.com/bbsj/300586.html
496,601127,小康股份,详细,0.27,105亿,3.80,-32.93,2.37亿,-39.36,-92.69,4.7979,4.99,0.9103,23.65,不分配不转增,汽车行业,08-30,http://data.eastmoney.com/bbsj/601127.html
497,603602,纵横通信,详细,0.2,2.70亿,7.32,148.69,2290万,-8.71,865.99,5.8374,3.52,-0.8424,19.35,不分配不转增,通讯行业,08-30,http://data.eastmoney.com/bbsj/603602.html
498,603859,能科股份,详细,0.1085,1.64亿,77.20,52.28,1233万,80.06,15.58,5.9125,1.85,-0.3799,44.91,不分配不转增,输配电气,08-30,http://data.eastmoney.com/bbsj/603859.html
499,300431,暴风集团,详细,-0.33,7.92亿,-4.21,4.56,-1.06亿,-775.22,-159.41,3.0517,-10.25,0.2531,-4.71,不分配不转增,文化传媒,08-30,http://data.eastmoney.com/bbsj/300431.html
500,300468,四方精创,详细,0.29,2.11亿,6.77,2.55,3092万,10.28,34.76,5.1827,3.17,0.0168,44.05,不分配不转增,软件服务,08-30,http://data.eastmoney.com/bbsj/300468.html
