1,000930,中粮生化,详细  数据,6.99亿,3.10亿,7.10亿,76.47亿,1.15,15.66亿,6637万,57.35亿,1.19,74.99,19.12亿,06-27,http://data.eastmoney.com/bbsj/zcfz/000930.html
2,002603,以岭药业,详细  数据,6327万,5777万,7495万,6.60亿,-,-,-,-,-,-,-,07-11,http://data.eastmoney.com/bbsj/zcfz/002603.html
3,002593,日上集团,详细  数据,9688万,1.20亿,2.65亿,8.03亿,-,8682万,1.69亿,5.67亿,-,70.67,2.35亿,06-08,http://data.eastmoney.com/bbsj/zcfz/002593.html
4,603993,洛阳钼业,详细  数据,56.83亿,10.21亿,3.55亿,119亿,-,8360万,1432万,11.73亿,-,9.87,107亿,05-26,http://data.eastmoney.com/bbsj/zcfz/603993.html
5,601838,成都银行,详细  数据,-,-,-,514亿,37.4,-,-,507亿,40.6,98.64,6.99亿,05-23,http://data.eastmoney.com/bbsj/zcfz/601838.html
6,002581,未名医药,详细  数据,1927万,511万,1278万,9554万,-,220万,3.80万,1160万,-,12.14,8394万,04-26,http://data.eastmoney.com/bbsj/zcfz/002581.html
7,601669,中国电建,详细  数据,68.62亿,71.90亿,92.85亿,537亿,-,78.96亿,78.63亿,451亿,-,83.94,86.33亿,04-22,http://data.eastmoney.com/bbsj/zcfz/601669.html
8,300388,国祯环保,详细  数据,6521万,6088万,2365万,6.83亿,-,5048万,2025万,4.69亿,-,68.64,2.14亿,04-21,http://data.eastmoney.com/bbsj/zcfz/300388.html
9,300211,亿通科技,详细  数据,4526万,4143万,2524万,1.84亿,-,4336万,57.36万,1.12亿,-,61.06,7154万,04-15,http://data.eastmoney.com/bbsj/zcfz/300211.html
10,300237,美晨生态,详细  数据,425万,2368万,1370万,1.03亿,-,3226万,-,5860万,-,56.92,4436万,04-15,http://data.eastmoney.com/bbsj/zcfz/300237.html
11,002576,通达动力,详细  数据,2892万,1727万,3444万,2.07亿,-,2833万,257万,1.15亿,-,55.37,9240万,04-12,http://data.eastmoney.com/bbsj/zcfz/002576.html
12,300240,飞力达,详细  数据,7848万,8963万,-,3.05亿,-,2936万,1563万,1.70亿,-,55.54,1.36亿,04-08,http://data.eastmoney.com/bbsj/zcfz/300240.html
13,300381,溢多利,详细  数据,1706万,2881万,1543万,1.24亿,-,714万,86.28万,4620万,-,37.27,7775万,04-08,http://data.eastmoney.com/bbsj/zcfz/300381.html
14,300225,金力泰,详细  数据,1416万,6347万,3053万,1.91亿,-,2429万,-,8936万,-,46.81,1.02亿,03-25,http://data.eastmoney.com/bbsj/zcfz/300225.html
15,300198,纳川股份,详细  数据,70.51万,1063万,1619万,5334万,-,1022万,55.00万,3843万,-,72.05,1491万,03-18,http://data.eastmoney.com/bbsj/zcfz/300198.html
16,300197,铁汉生态,详细  数据,1735万,451万,2631万,7868万,-,1626万,975万,4415万,-,56.11,3453万,03-11,http://data.eastmoney.com/bbsj/zcfz/300197.html
17,300282,三盛教育,详细  数据,1451万,108万,950万,2947万,-,131万,388万,932万,-,31.62,2015万,03-04,http://data.eastmoney.com/bbsj/zcfz/300282.html
18,300189,神农基因,详细  数据,736万,3102万,8933万,1.87亿,-,4172万,1849万,1.26亿,-,67.36,6109万,02-25,http://data.eastmoney.com/bbsj/zcfz/300189.html
19,300188,美亚柏科,详细  数据,2240万,1352万,123万,6504万,-,491万,403万,3026万,-,46.53,3478万,02-25,http://data.eastmoney.com/bbsj/zcfz/300188.html
20,603328,依顿电子,详细  数据,1.06亿,5.12亿,1.19亿,15.33亿,-,4.92亿,79.97万,9.17亿,-,59.84,6.16亿,02-24,http://data.eastmoney.com/bbsj/zcfz/603328.html
21,002564,天沃科技,详细  数据,1.22亿,1.09亿,2.37亿,8.04亿,-,5991万,4.16亿,7.29亿,-,90.64,7525万,02-22,http://data.eastmoney.com/bbsj/zcfz/002564.html
22,300187,永清环保,详细  数据,8096万,820万,1.27亿,2.51亿,-,6781万,7274万,1.89亿,-,75.35,6181万,02-17,http://data.eastmoney.com/bbsj/zcfz/300187.html
23,601985,中国核电,详细  数据,20.97亿,19.32亿,30.54亿,760亿,-,11.90亿,836万,610亿,-,80.26,150亿,02-17,http://data.eastmoney.com/bbsj/zcfz/601985.html
24,300185,通裕重工,详细  数据,1.89亿,6387万,4.21亿,14.48亿,-,2.59亿,4873万,12.02亿,-,82.98,2.46亿,02-17,http://data.eastmoney.com/bbsj/zcfz/300185.html
25,300226,上海钢联,详细  数据,1011万,134万,884,4491万,-,2500,2255万,2401万,-,53.47,2090万,02-16,http://data.eastmoney.com/bbsj/zcfz/300226.html
26,002556,辉隆股份,详细  数据,3.69亿,1.16亿,5.59亿,19.91亿,-,8512万,2.23亿,18.03亿,-,90.56,1.88亿,02-11,http://data.eastmoney.com/bbsj/zcfz/002556.html
27,601116,三江购物,详细  数据,2.54亿,439万,3.62亿,14.50亿,-,6.12亿,1.48亿,12.08亿,-,83.30,2.42亿,02-11,http://data.eastmoney.com/bbsj/zcfz/601116.html
28,002558,巨人网络,详细  数据,2861万,438万,121万,1.78亿,-,557万,1991万,7770万,-,43.57,1.01亿,02-11,http://data.eastmoney.com/bbsj/zcfz/002558.html
29,002552,*ST宝鼎,详细  数据,1556万,5502万,6450万,2.74亿,-,3853万,2032万,1.09亿,-,39.90,1.65亿,01-31,http://data.eastmoney.com/bbsj/zcfz/002552.html
30,002554,惠博普,详细  数据,4169万,6851万,2360万,1.52亿,-,4878万,473万,7755万,-,51.04,7440万,01-31,http://data.eastmoney.com/bbsj/zcfz/002554.html
31,002553,南方轴承,详细  数据,2616万,4262万,3970万,1.87亿,-,1349万,209万,1.08亿,-,57.81,7907万,01-31,http://data.eastmoney.com/bbsj/zcfz/002553.html
32,002551,尚荣医疗,详细  数据,4421万,3697万,1742万,2.11亿,-,1239万,3179万,1.28亿,-,60.58,8305万,01-31,http://data.eastmoney.com/bbsj/zcfz/002551.html
33,300181,佐力药业,详细  数据,1432万,3635万,1660万,2.51亿,-,565万,225万,1.07亿,-,42.50,1.44亿,01-26,http://data.eastmoney.com/bbsj/zcfz/300181.html
34,300184,力源信息,详细  数据,1199万,1038万,4022万,8430万,-,98.14万,5155,2169万,-,25.73,6261万,01-26,http://data.eastmoney.com/bbsj/zcfz/300184.html
35,300183,东软载波,详细  数据,2832万,937万,955万,6756万,-,237万,212万,796万,-,11.78,5960万,01-26,http://data.eastmoney.com/bbsj/zcfz/300183.html
36,300182,捷成股份,详细  数据,803万,1655万,1360万,4714万,-,1017万,1111万,2572万,-,54.55,2143万,01-26,http://data.eastmoney.com/bbsj/zcfz/300182.html
37,300180,华峰超纤,详细  数据,693万,2245万,1.00亿,3.71亿,-,5882万,152万,1.56亿,-,42.03,2.15亿,01-26,http://data.eastmoney.com/bbsj/zcfz/300180.html
38,002549,凯美特气,详细  数据,3978万,769万,185万,1.23亿,144,692万,297万,3486万,126,28.34,8817万,01-24,http://data.eastmoney.com/bbsj/zcfz/002549.html
39,002550,千红制药,详细  数据,8394万,4765万,4331万,2.89亿,-,86.94万,24.93万,7695万,-,26.67,2.12亿,01-24,http://data.eastmoney.com/bbsj/zcfz/002550.html
40,002548,金新农,详细  数据,1654万,714万,5116万,1.26亿,-,3010万,775万,6535万,-,52.06,6019万,01-24,http://data.eastmoney.com/bbsj/zcfz/002548.html
41,600939,重庆建工,详细  数据,11.38亿,41.21亿,13.55亿,119亿,80.2,28.60亿,12.18亿,104亿,102,87.82,14.47亿,01-24,http://data.eastmoney.com/bbsj/zcfz/600939.html
42,002571,德力股份,详细  数据,1983万,1591万,7013万,2.54亿,-,5228万,1172万,1.72亿,-,67.75,8180万,01-21,http://data.eastmoney.com/bbsj/zcfz/002571.html
43,300199,翰宇药业,详细  数据,177万,734万,1518万,5824万,-,568万,68.79万,954万,-,16.38,4870万,01-21,http://data.eastmoney.com/bbsj/zcfz/300199.html
44,300204,舒泰神,详细  数据,1320万,508万,236万,8222万,-,210万,190万,4835万,-,58.80,3387万,01-20,http://data.eastmoney.com/bbsj/zcfz/300204.html
45,300214,日科化学,详细  数据,751万,3669万,4101万,1.88亿,-,3522万,1899万,1.11亿,-,59.10,7676万,01-20,http://data.eastmoney.com/bbsj/zcfz/300214.html
46,002563,森马服饰,详细  数据,7687万,3453万,2.85亿,5.43亿,-,3563万,1121万,1.27亿,-,23.37,4.16亿,01-20,http://data.eastmoney.com/bbsj/zcfz/002563.html
47,300177,中海达,详细  数据,1197万,1358万,2003万,6648万,-,1742万,994万,4683万,-,70.44,1965万,01-19,http://data.eastmoney.com/bbsj/zcfz/300177.html
48,300179,四方达,详细  数据,1508万,1459万,1637万,6567万,-,656万,1.47万,915万,-,13.93,5652万,01-19,http://data.eastmoney.com/bbsj/zcfz/300179.html
49,300175,朗源股份,详细  数据,859万,3933万,1.79亿,3.23亿,-,8414万,61.28万,2.52亿,-,77.97,7116万,01-19,http://data.eastmoney.com/bbsj/zcfz/300175.html
50,300178,腾邦国际,详细  数据,5858万,2344万,-,2.77亿,-,6460万,369万,1.63亿,-,58.98,1.13亿,01-19,http://data.eastmoney.com/bbsj/zcfz/300178.html
51,300176,鸿特科技,详细  数据,2153万,4348万,5549万,3.20亿,-,5496万,185万,2.20亿,-,68.71,1.00亿,01-19,http://data.eastmoney.com/bbsj/zcfz/300176.html
52,601616,广电电气,详细  数据,5846万,3.26亿,2.38亿,10.44亿,-,3.45亿,8432万,7.74亿,-,74.17,2.70亿,01-17,http://data.eastmoney.com/bbsj/zcfz/601616.html
53,002546,新联电子,详细  数据,4347万,4184万,3034万,1.48亿,-,3103万,113万,6435万,-,43.59,8329万,01-17,http://data.eastmoney.com/bbsj/zcfz/002546.html
54,601799,星宇股份,详细  数据,4368万,5157万,8556万,3.75亿,-,8050万,59.25万,1.82亿,-,48.51,1.93亿,01-17,http://data.eastmoney.com/bbsj/zcfz/601799.html
55,002545,东方铁塔,详细  数据,8429万,2.00亿,7.26亿,14.05亿,-,1.38亿,6.74亿,12.24亿,-,87.07,1.82亿,01-17,http://data.eastmoney.com/bbsj/zcfz/002545.html
56,300170,汉得信息,详细  数据,5265万,4986万,162万,1.19亿,-,233万,268万,4291万,-,36.15,7581万,01-14,http://data.eastmoney.com/bbsj/zcfz/300170.html
57,300192,科斯伍德,详细  数据,2603万,2727万,2706万,1.16亿,-,1737万,259万,5594万,-,48.38,5970万,01-14,http://data.eastmoney.com/bbsj/zcfz/300192.html
58,300171,东富龙,详细  数据,8313万,2470万,8287万,2.67亿,-,1295万,1.05亿,1.53亿,-,57.44,1.14亿,01-14,http://data.eastmoney.com/bbsj/zcfz/300171.html
59,300174,元力股份,详细  数据,554万,549万,572万,5573万,-,452万,18.96万,1914万,-,34.34,3660万,01-14,http://data.eastmoney.com/bbsj/zcfz/300174.html
60,300172,中电环保,详细  数据,6501万,8233万,8025万,2.77亿,-,5742万,7904万,1.76亿,-,63.76,1.00亿,01-14,http://data.eastmoney.com/bbsj/zcfz/300172.html
61,300173,智慧松德,详细  数据,1517万,3657万,4242万,1.33亿,-,3171万,3274万,7771万,-,58.22,5576万,01-14,http://data.eastmoney.com/bbsj/zcfz/300173.html
62,002577,雷柏科技,详细  数据,1296万,3008万,4285万,1.14亿,-,6113万,185万,6867万,-,60.10,4558万,01-13,http://data.eastmoney.com/bbsj/zcfz/002577.html
63,002565,顺灏股份,详细  数据,7973万,1.10亿,1.09亿,3.71亿,-,9055万,178万,1.98亿,-,53.44,1.73亿,01-13,http://data.eastmoney.com/bbsj/zcfz/002565.html
64,002544,杰赛科技,详细  数据,6575万,1.91亿,8888万,4.72亿,20.0,1.20亿,638万,2.83亿,14.7,59.83,1.90亿,01-11,http://data.eastmoney.com/bbsj/zcfz/002544.html
65,601137,博威合金,详细  数据,6426万,2.56亿,2.84亿,8.76亿,-,2.72亿,4535万,5.83亿,-,66.59,2.93亿,01-11,http://data.eastmoney.com/bbsj/zcfz/601137.html
66,002543,万和电气,详细  数据,1.03亿,1.03亿,4.01亿,9.23亿,-,2.29亿,1.59亿,7.88亿,-,85.38,1.35亿,01-11,http://data.eastmoney.com/bbsj/zcfz/002543.html
67,002542,中化岩土,详细  数据,1345万,3776万,833万,7798万,-,4157万,259万,5423万,-,69.54,2375万,01-11,http://data.eastmoney.com/bbsj/zcfz/002542.html
68,601519,大智慧,详细  数据,7188万,1398万,-,1.28亿,-,208万,5639万,5910万,-,46.24,6871万,01-11,http://data.eastmoney.com/bbsj/zcfz/601519.html
69,601258,庞大集团,详细  数据,23.16亿,6.09亿,17.19亿,82.65亿,-,6.73亿,9560万,75.81亿,-,91.73,6.83亿,01-10,http://data.eastmoney.com/bbsj/zcfz/601258.html
70,002560,通达股份,详细  数据,2711万,1.32亿,9210万,3.50亿,-,7556万,7476万,2.30亿,-,65.82,1.20亿,01-10,http://data.eastmoney.com/bbsj/zcfz/002560.html
71,300167,迪威迅,详细  数据,1272万,2602万,1900万,7956万,-,471万,179万,2393万,-,30.07,5563万,01-06,http://data.eastmoney.com/bbsj/zcfz/300167.html
72,300166,东方国信,详细  数据,144万,1938万,27.11万,2400万,-,204万,-,836万,-,34.82,1564万,01-06,http://data.eastmoney.com/bbsj/zcfz/300166.html
73,300165,天瑞仪器,详细  数据,7767万,2430万,2167万,1.96亿,-,348万,3348万,8064万,-,41.12,1.15亿,01-06,http://data.eastmoney.com/bbsj/zcfz/300165.html
74,300169,天晟新材,详细  数据,1555万,4065万,3382万,1.57亿,-,3068万,656万,8780万,-,56.00,6897万,01-06,http://data.eastmoney.com/bbsj/zcfz/300169.html
75,601011,宝泰隆,详细  数据,8040万,4255万,1.43亿,12.58亿,-,1.22亿,5437万,8.69亿,-,69.10,3.89亿,01-06,http://data.eastmoney.com/bbsj/zcfz/601011.html
76,300168,万达信息,详细  数据,1.35亿,5902万,982万,3.53亿,-,1256万,590万,1.65亿,-,46.63,1.89亿,01-06,http://data.eastmoney.com/bbsj/zcfz/300168.html
77,300190,维尔利,详细  数据,114万,1112万,245万,3604万,-,923万,203万,1749万,-,48.52,1855万,12-31,http://data.eastmoney.com/bbsj/zcfz/300190.html
78,002539,云图控股,详细  数据,1.76亿,541万,1.95亿,10.30亿,-,5870万,1.99亿,6.59亿,-,64.01,3.71亿,12-28,http://data.eastmoney.com/bbsj/zcfz/002539.html
79,002541,鸿路钢构,详细  数据,1.18亿,7440万,2.05亿,7.21亿,-,4950万,5516万,5.75亿,-,79.74,1.46亿,12-28,http://data.eastmoney.com/bbsj/zcfz/002541.html
80,002540,亚太科技,详细  数据,2117万,1.32亿,7151万,4.65亿,-,1782万,407万,2.13亿,-,45.83,2.52亿,12-28,http://data.eastmoney.com/bbsj/zcfz/002540.html
81,002538,司尔特,详细  数据,4261万,284万,1.53亿,6.26亿,-13.2,5891万,2060万,4.74亿,-21.7,75.68,1.52亿,12-28,http://data.eastmoney.com/bbsj/zcfz/002538.html
82,601700,风范股份,详细  数据,1.41亿,1.54亿,2.01亿,7.52亿,-,9133万,1.15亿,5.86亿,-,77.95,1.66亿,12-28,http://data.eastmoney.com/bbsj/zcfz/601700.html
83,300196,长海股份,详细  数据,3855万,2439万,853万,3.32亿,-,2851万,622万,2.36亿,-,71.05,9600万,12-27,http://data.eastmoney.com/bbsj/zcfz/300196.html
84,300345,红宇新材,详细  数据,323万,2489万,796万,6831万,-,204万,1.37万,2115万,-,30.95,4717万,12-27,http://data.eastmoney.com/bbsj/zcfz/300345.html
85,300161,华中数控,详细  数据,9768万,9485万,5616万,3.48亿,-,8308万,1636万,2.25亿,-,64.57,1.23亿,12-24,http://data.eastmoney.com/bbsj/zcfz/300161.html
86,601558,ST锐电,详细  数据,8.10亿,5.92亿,8.81亿,26.55亿,-,7.30亿,16.84亿,24.33亿,-,91.62,2.22亿,12-24,http://data.eastmoney.com/bbsj/zcfz/601558.html
87,300163,先锋新材,详细  数据,1960万,1631万,899万,1.43亿,-,4692万,448万,8805万,-,61.75,5454万,12-24,http://data.eastmoney.com/bbsj/zcfz/300163.html
88,300162,雷曼股份,详细  数据,994万,396万,1102万,4211万,-,1091万,6.07万,1378万,-,32.72,2833万,12-24,http://data.eastmoney.com/bbsj/zcfz/300162.html
89,300205,天喻信息,详细  数据,4205万,1.56亿,3386万,2.93亿,-,8357万,134万,1.61亿,-,55.00,1.32亿,12-24,http://data.eastmoney.com/bbsj/zcfz/300205.html
90,300160,秀强股份,详细  数据,2979万,5975万,3721万,2.80亿,-,2317万,165万,1.99亿,-,71.17,8066万,12-24,http://data.eastmoney.com/bbsj/zcfz/300160.html
91,300164,通源石油,详细  数据,7874万,2407万,3155万,1.71亿,-,2601万,-,8343万,-,48.65,8805万,12-24,http://data.eastmoney.com/bbsj/zcfz/300164.html
92,300195,长荣股份,详细  数据,2567万,1708万,5936万,1.59亿,-,2910万,1188万,7236万,-,45.39,8704万,12-24,http://data.eastmoney.com/bbsj/zcfz/300195.html
93,300220,金运激光,详细  数据,439万,355万,2088万,3171万,-,1501万,381万,2351万,-,74.13,820万,12-24,http://data.eastmoney.com/bbsj/zcfz/300220.html
94,601789,宁波建工,详细  数据,2.58亿,5.45亿,4.55亿,24.38亿,-,6.42亿,2.86亿,20.48亿,-,84.03,3.89亿,12-23,http://data.eastmoney.com/bbsj/zcfz/601789.html
95,601216,君正集团,详细  数据,9255万,3445万,1.25亿,23.80亿,-,3.18亿,9511万,17.07亿,-,71.71,6.73亿,12-23,http://data.eastmoney.com/bbsj/zcfz/601216.html
96,002534,杭锅股份,详细  数据,6.67亿,5.59亿,4.97亿,23.18亿,-,4.93亿,7.89亿,16.63亿,-,71.75,6.55亿,12-21,http://data.eastmoney.com/bbsj/zcfz/002534.html
97,002535,林州重机,详细  数据,5101万,1.14亿,7815万,4.67亿,-,1.05亿,2749万,2.71亿,-,57.98,1.96亿,12-21,http://data.eastmoney.com/bbsj/zcfz/002535.html
98,002536,西泵股份,详细  数据,4823万,1.04亿,1.24亿,6.33亿,-,8012万,176万,4.39亿,-,69.43,1.93亿,12-21,http://data.eastmoney.com/bbsj/zcfz/002536.html
99,002537,海联金汇,详细  数据,1879万,4728万,8419万,2.65亿,-,2138万,875万,1.65亿,-,62.12,1.00亿,12-21,http://data.eastmoney.com/bbsj/zcfz/002537.html
100,002559,亚威股份,详细  数据,4460万,2557万,8784万,3.18亿,-,4190万,6159万,1.94亿,-,60.93,1.24亿,12-20,http://data.eastmoney.com/bbsj/zcfz/002559.html
101,300229,拓尔思,详细  数据,8563万,3933万,-,1.54亿,-,735万,222万,3889万,-,25.23,1.15亿,12-20,http://data.eastmoney.com/bbsj/zcfz/300229.html
102,002555,三七互娱,详细  数据,944万,3203万,2709万,2.00亿,-,3257万,3800,1.27亿,-,63.61,7264万,12-17,http://data.eastmoney.com/bbsj/zcfz/002555.html
103,300155,安居宝,详细  数据,1124万,954万,174万,6772万,-,649万,581万,2913万,-,43.02,3859万,12-17,http://data.eastmoney.com/bbsj/zcfz/300155.html
104,300340,科恒股份,详细  数据,586万,8922万,781万,1.42亿,-,6872万,112万,1.06亿,-,74.53,3610万,12-17,http://data.eastmoney.com/bbsj/zcfz/300340.html
105,300203,聚光科技,详细  数据,1728万,4157万,6884万,2.86亿,-,2896万,5746万,1.96亿,-,68.52,8990万,12-17,http://data.eastmoney.com/bbsj/zcfz/300203.html
106,300158,振东制药,详细  数据,3265万,1.26亿,3075万,4.67亿,-,1985万,365万,2.90亿,-,62.20,1.76亿,12-17,http://data.eastmoney.com/bbsj/zcfz/300158.html
107,300156,神雾环保,详细  数据,62.56万,1911万,470万,3436万,-,16.28万,70.00万,244万,-,7.09,3192万,12-17,http://data.eastmoney.com/bbsj/zcfz/300156.html
108,300159,新研股份,详细  数据,2479万,1195万,1423万,6424万,-,662万,448万,2696万,-,41.96,3728万,12-17,http://data.eastmoney.com/bbsj/zcfz/300159.html
109,300157,恒泰艾普,详细  数据,529万,1205万,-,3788万,-,116万,215万,668万,-,17.64,3120万,12-17,http://data.eastmoney.com/bbsj/zcfz/300157.html
110,601126,四方股份,详细  数据,1.43亿,6.16亿,3.28亿,13.56亿,21.6,2.90亿,1.03亿,8.82亿,21.7,65.02,4.74亿,12-16,http://data.eastmoney.com/bbsj/zcfz/601126.html
111,601118,海南橡胶,详细  数据,5.37亿,3971万,6.06亿,65.27亿,-2.96,8173万,3930万,28.92亿,-12.7,44.30,36.35亿,12-16,http://data.eastmoney.com/bbsj/zcfz/601118.html
112,002530,金财互联,详细  数据,6944万,3251万,6566万,3.15亿,-,2557万,6597万,1.90亿,-,60.22,1.25亿,12-14,http://data.eastmoney.com/bbsj/zcfz/002530.html
113,002531,天顺风能,详细  数据,8090万,5430万,3509万,3.34亿,-,2369万,456万,1.95亿,-,58.36,1.39亿,12-14,http://data.eastmoney.com/bbsj/zcfz/002531.html
114,002533,金杯电工,详细  数据,1.41亿,1.45亿,1.18亿,6.14亿,-,3529万,5845万,3.54亿,-,57.74,2.59亿,12-14,http://data.eastmoney.com/bbsj/zcfz/002533.html
115,002532,新界泵业,详细  数据,3160万,3540万,7883万,2.23亿,-,5408万,810万,1.55亿,-,69.33,6852万,12-14,http://data.eastmoney.com/bbsj/zcfz/002532.html
116,300153,科泰电源,详细  数据,2762万,7962万,8573万,2.08亿,-,8446万,1595万,1.42亿,-,68.57,6524万,12-10,http://data.eastmoney.com/bbsj/zcfz/300153.html
117,300193,佳士科技,详细  数据,7626万,1402万,4709万,1.48亿,-,5861万,1410万,7707万,-,52.16,7068万,12-10,http://data.eastmoney.com/bbsj/zcfz/300193.html
118,300216,千山药机,详细  数据,2603万,6814万,2519万,1.87亿,-,1395万,2828万,1.15亿,-,61.56,7190万,12-10,http://data.eastmoney.com/bbsj/zcfz/300216.html
119,300152,科融环境,详细  数据,2332万,8333万,2527万,1.82亿,-,1899万,579万,6969万,-,38.28,1.12亿,12-10,http://data.eastmoney.com/bbsj/zcfz/300152.html
120,300154,瑞凌股份,详细  数据,791万,1160万,673万,4735万,-,880万,649万,2002万,-,42.27,2733万,12-10,http://data.eastmoney.com/bbsj/zcfz/300154.html
121,002528,英飞拓,详细  数据,3851万,6506万,9580万,2.22亿,-,1843万,429万,6582万,-,29.70,1.56亿,12-07,http://data.eastmoney.com/bbsj/zcfz/002528.html
122,002527,新时达,详细  数据,8030万,9718万,7634万,4.20亿,-,5832万,496万,1.69亿,-,40.11,2.52亿,12-07,http://data.eastmoney.com/bbsj/zcfz/002527.html
123,601890,亚星锚链,详细  数据,3.18亿,2.55亿,4.05亿,14.55亿,-,4099万,1.39亿,9.36亿,-,64.30,5.20亿,12-07,http://data.eastmoney.com/bbsj/zcfz/601890.html
124,600926,杭州银行,详细  数据,-,-,-,693亿,21.6,-,-,654亿,21.7,94.46,38.39亿,12-03,http://data.eastmoney.com/bbsj/zcfz/600926.html
125,300151,昌红科技,详细  数据,595万,3017万,1566万,1.38亿,-,2214万,45.33万,8421万,-,60.95,5394万,12-03,http://data.eastmoney.com/bbsj/zcfz/300151.html
126,300149,量子生物,详细  数据,2262万,720万,950万,6779万,-,593万,814万,4353万,-,64.22,2425万,12-03,http://data.eastmoney.com/bbsj/zcfz/300149.html
127,002570,*ST因美,详细  数据,4.56亿,7027万,1.46亿,12.45亿,-,9004万,2.74亿,9.70亿,-,77.93,2.75亿,12-02,http://data.eastmoney.com/bbsj/zcfz/002570.html
128,002524,光正集团,详细  数据,727万,3431万,1069万,9065万,-,1627万,291万,5173万,-,57.07,3892万,11-30,http://data.eastmoney.com/bbsj/zcfz/002524.html
129,002526,山东矿机,详细  数据,1.58亿,1.54亿,2.46亿,9.78亿,-,1.05亿,6951万,6.88亿,-,70.35,2.90亿,11-30,http://data.eastmoney.com/bbsj/zcfz/002526.html
130,300146,汤臣倍健,详细  数据,746万,364万,1505万,4497万,-,821万,211万,2276万,-,50.62,2221万,11-26,http://data.eastmoney.com/bbsj/zcfz/300146.html
131,300148,天舟文化,详细  数据,2843万,475万,74.33万,7263万,-,567万,90.92万,1399万,-,19.26,5865万,11-26,http://data.eastmoney.com/bbsj/zcfz/300148.html
132,300147,香雪制药,详细  数据,4447万,1393万,1982万,5.53亿,-,3926万,2035万,3.62亿,-,65.41,1.91亿,11-26,http://data.eastmoney.com/bbsj/zcfz/300147.html
133,601933,永辉超市,详细  数据,1.84亿,2185万,2.26亿,9.40亿,-,2.12亿,2765万,5.03亿,-,53.50,4.37亿,11-25,http://data.eastmoney.com/bbsj/zcfz/601933.html
134,002520,日发精机,详细  数据,4282万,4764万,4950万,2.54亿,-,4641万,1341万,1.36亿,-,53.71,1.18亿,11-23,http://data.eastmoney.com/bbsj/zcfz/002520.html
135,002523,天桥起重,详细  数据,2955万,1.25亿,1.43亿,4.68亿,97.9,7220万,1.64亿,3.16亿,98.3,67.59,1.52亿,11-23,http://data.eastmoney.com/bbsj/zcfz/002523.html
136,002521,齐峰新材,详细  数据,1.77亿,1.50亿,1.33亿,8.79亿,-,7457万,1788万,7.38亿,-,83.98,1.41亿,11-23,http://data.eastmoney.com/bbsj/zcfz/002521.html
137,002522,浙江众成,详细  数据,2341万,3177万,5578万,2.57亿,-,6279万,434万,1.72亿,-,67.14,8437万,11-23,http://data.eastmoney.com/bbsj/zcfz/002522.html
138,300194,福安药业,详细  数据,622万,1242万,859万,8089万,-,1022万,502万,7258万,-,89.72,831万,11-22,http://data.eastmoney.com/bbsj/zcfz/300194.html
139,300144,宋城演艺,详细  数据,4182万,62.04万,22.33万,3.28亿,-,212万,59.35万,1.98亿,-,60.48,1.30亿,11-19,http://data.eastmoney.com/bbsj/zcfz/300144.html
140,300145,中金环境,详细  数据,3446万,3035万,6411万,3.10亿,-,5940万,224万,1.90亿,-,61.30,1.20亿,11-19,http://data.eastmoney.com/bbsj/zcfz/300145.html
141,300143,星普医科,详细  数据,254万,197万,683万,1.40亿,-,287万,-,6534万,-,46.59,7489万,11-19,http://data.eastmoney.com/bbsj/zcfz/300143.html
142,002516,旷达科技,详细  数据,1.32亿,1.22亿,4925万,7.92亿,-,4251万,132万,4.77亿,-,60.17,3.16亿,11-16,http://data.eastmoney.com/bbsj/zcfz/002516.html
143,002518,科士达,详细  数据,2278万,8750万,6499万,2.85亿,-,1.20亿,600万,1.78亿,-,62.46,1.07亿,11-16,http://data.eastmoney.com/bbsj/zcfz/002518.html
144,002517,恺英网络,详细  数据,1584万,3143万,5041万,2.76亿,-,2336万,2139万,1.84亿,-,66.65,9211万,11-16,http://data.eastmoney.com/bbsj/zcfz/002517.html
145,002519,银河电子,详细  数据,7659万,2.67亿,1.34亿,6.42亿,-,1.92亿,411万,3.42亿,-,53.28,3.00亿,11-16,http://data.eastmoney.com/bbsj/zcfz/002519.html
146,002557,洽洽食品,详细  数据,3.42亿,2301万,5.51亿,12.07亿,-,2.43亿,5461万,8.36亿,-,69.29,3.71亿,11-15,http://data.eastmoney.com/bbsj/zcfz/002557.html
147,300191,潜能恒信,详细  数据,823万,4596万,73.46万,1.27亿,-,-,-,508万,-,4.01,1.22亿,11-12,http://data.eastmoney.com/bbsj/zcfz/300191.html
148,002609,捷顺科技,详细  数据,9069万,2118万,4888万,1.81亿,-,2117万,1401万,6108万,-,33.77,1.20亿,11-12,http://data.eastmoney.com/bbsj/zcfz/002609.html
149,300223,北京君正,详细  数据,904万,11.79万,688万,2861万,-,7.31万,315万,482万,-,16.86,2379万,11-12,http://data.eastmoney.com/bbsj/zcfz/300223.html
150,002702,海欣食品,详细  数据,262万,1737万,5848万,1.51亿,-,4827万,997万,9869万,-,65.30,5244万,11-11,http://data.eastmoney.com/bbsj/zcfz/002702.html
151,002567,唐人神,详细  数据,1.34亿,3517万,2.74亿,10.65亿,-,2.06亿,3859万,7.12亿,-,66.88,3.53亿,11-11,http://data.eastmoney.com/bbsj/zcfz/002567.html
152,600901,江苏租赁,详细  数据,2022万,-,-,11.63亿,24.2,4993万,392万,5.56亿,55.0,47.81,6.07亿,11-08,http://data.eastmoney.com/bbsj/zcfz/600901.html
153,002511,中顺洁柔,详细  数据,1.04亿,1.66亿,2.25亿,11.46亿,-,1.24亿,3549万,8.83亿,-,77.05,2.63亿,11-05,http://data.eastmoney.com/bbsj/zcfz/002511.html
154,601908,京运通,详细  数据,1.55亿,3179万,7746万,3.57亿,-,2034万,5307万,9551万,-,26.76,2.61亿,11-05,http://data.eastmoney.com/bbsj/zcfz/601908.html
155,601777,力帆股份,详细  数据,7.48亿,5.66亿,6.27亿,40.41亿,-,10.55亿,1.72亿,31.49亿,-,77.91,8.93亿,11-05,http://data.eastmoney.com/bbsj/zcfz/601777.html
156,002510,天汽模,详细  数据,5574万,5733万,2.93亿,8.78亿,-,8918万,2.50亿,7.16亿,-,81.58,1.62亿,11-05,http://data.eastmoney.com/bbsj/zcfz/002510.html
157,002507,涪陵榨菜,详细  数据,3971万,937万,5759万,4.48亿,-,2234万,1695万,3.53亿,-,78.89,9452万,11-02,http://data.eastmoney.com/bbsj/zcfz/002507.html
158,002509,天广中茂,详细  数据,2754万,2182万,3618万,1.58亿,-,1598万,636万,7440万,-,47.18,8331万,11-02,http://data.eastmoney.com/bbsj/zcfz/002509.html
159,002508,老板电器,详细  数据,1574万,8633万,1.84亿,4.10亿,-,7627万,8205万,2.68亿,-,65.45,1.42亿,11-02,http://data.eastmoney.com/bbsj/zcfz/002508.html
160,002606,大连电瓷,详细  数据,1593万,1.11亿,8938万,5.98亿,-,5865万,1321万,5.50亿,-,91.91,4842万,11-01,http://data.eastmoney.com/bbsj/zcfz/002606.html
161,002505,大康农业,详细  数据,467万,617万,5281万,1.51亿,-,-,814万,6290万,-,41.54,8851万,10-29,http://data.eastmoney.com/bbsj/zcfz/002505.html
162,002743,富煌钢构,详细  数据,2886万,1.32亿,1.67亿,5.43亿,-,7069万,4065万,3.59亿,-,66.20,1.84亿,10-29,http://data.eastmoney.com/bbsj/zcfz/002743.html
163,002506,协鑫集成,详细  数据,8937万,3529万,8783万,3.95亿,128,4647万,8452万,1.78亿,38.6,45.02,2.17亿,10-29,http://data.eastmoney.com/bbsj/zcfz/002506.html
164,002547,春兴精工,详细  数据,896万,9661万,5540万,2.71亿,-,1.09亿,30.94万,1.77亿,-,65.48,9337万,10-29,http://data.eastmoney.com/bbsj/zcfz/002547.html
165,002502,骅威文化,详细  数据,1019万,1787万,6365万,2.06亿,-,329万,8351,1.18亿,-,57.34,8800万,10-26,http://data.eastmoney.com/bbsj/zcfz/002502.html
166,002501,利源精制,详细  数据,367万,830万,1803万,5.41亿,-,6861万,913万,4.79亿,-,88.51,6219万,10-26,http://data.eastmoney.com/bbsj/zcfz/002501.html
167,002503,搜于特,详细  数据,1976万,1155万,3249万,7369万,-,1514万,582万,2561万,-,34.75,4808万,10-26,http://data.eastmoney.com/bbsj/zcfz/002503.html
168,300140,中环装备,详细  数据,2721万,4372万,4580万,2.08亿,-,4171万,3941万,9908万,-,47.72,1.09亿,10-22,http://data.eastmoney.com/bbsj/zcfz/300140.html
169,300142,沃森生物,详细  数据,2642万,4077万,974万,2.18亿,-,5799万,1802万,2.00亿,-,91.88,1766万,10-22,http://data.eastmoney.com/bbsj/zcfz/300142.html
170,300141,和顺电气,详细  数据,2465万,2460万,1168万,9452万,-,3682万,106万,4274万,-,45.22,5177万,10-22,http://data.eastmoney.com/bbsj/zcfz/300141.html
171,300139,晓程科技,详细  数据,5316万,3882万,2751万,1.90亿,176,4402万,1932万,9224万,273,48.45,9815万,10-22,http://data.eastmoney.com/bbsj/zcfz/300139.html
172,603167,渤海轮渡,详细  数据,1.74亿,7910万,582万,12.60亿,-,1947万,-,6.79亿,-,53.88,5.81亿,10-21,http://data.eastmoney.com/bbsj/zcfz/603167.html
173,002497,雅化集团,详细  数据,1.10亿,1903万,2406万,3.32亿,-,1768万,915万,1.30亿,-,39.02,2.02亿,10-19,http://data.eastmoney.com/bbsj/zcfz/002497.html
174,002498,汉缆股份,详细  数据,7586万,6.07亿,4.28亿,16.42亿,-,4.37亿,9381万,11.16亿,-,67.97,5.26亿,10-19,http://data.eastmoney.com/bbsj/zcfz/002498.html
175,002499,科林环保,详细  数据,2421万,3021万,1.09亿,2.30亿,-,4476万,2800万,1.49亿,-,64.84,8070万,10-19,http://data.eastmoney.com/bbsj/zcfz/002499.html
176,002496,ST辉丰,详细  数据,2170万,4952万,1.03亿,3.23亿,-,4362万,2349万,2.50亿,-,77.57,7237万,10-19,http://data.eastmoney.com/bbsj/zcfz/002496.html
177,300138,晨光生物,详细  数据,362万,2558万,6489万,1.87亿,-,2280万,99.17万,8549万,-,45.67,1.02亿,10-15,http://data.eastmoney.com/bbsj/zcfz/300138.html
178,300136,信维通信,详细  数据,280万,241万,357万,2577万,-,641万,355万,1451万,-,56.31,1126万,10-15,http://data.eastmoney.com/bbsj/zcfz/300136.html
179,600998,九州通,详细  数据,11.32亿,2.49亿,15.61亿,44.24亿,-,9.40亿,3895万,31.43亿,-,71.05,12.81亿,10-15,http://data.eastmoney.com/bbsj/zcfz/600998.html
180,002512,达华智能,详细  数据,3377万,1214万,4595万,1.44亿,-,2526万,531万,8124万,-,56.40,6281万,10-15,http://data.eastmoney.com/bbsj/zcfz/002512.html
181,300137,先河环保,详细  数据,3756万,1167万,4462万,1.52亿,-,1522万,2999万,9129万,-,60.19,6039万,10-15,http://data.eastmoney.com/bbsj/zcfz/300137.html
182,002515,金字火腿,详细  数据,3906万,499万,7353万,1.82亿,-,305万,88.54万,1.14亿,-,62.35,6856万,10-14,http://data.eastmoney.com/bbsj/zcfz/002515.html
183,002492,恒基达鑫,详细  数据,5082万,529万,16.74万,4.40亿,-,702万,-,2.67亿,-,60.73,1.73亿,10-12,http://data.eastmoney.com/bbsj/zcfz/002492.html
184,002493,荣盛石化,详细  数据,15.27亿,9937万,7.24亿,58.54亿,-,3.53亿,2428万,45.47亿,-,77.68,13.06亿,10-12,http://data.eastmoney.com/bbsj/zcfz/002493.html
185,002494,华斯股份,详细  数据,1536万,3211万,1.27亿,2.47亿,-,2924万,2063万,1.47亿,-,59.45,1.00亿,10-12,http://data.eastmoney.com/bbsj/zcfz/002494.html
186,002495,佳隆股份,详细  数据,61.59万,2953万,2096万,1.24亿,-,2083万,-,4284万,-,34.48,8140万,10-12,http://data.eastmoney.com/bbsj/zcfz/002495.html
187,002513,蓝丰生化,详细  数据,2457万,7227万,5458万,3.81亿,-,6842万,4477万,3.03亿,-,79.42,7845万,10-11,http://data.eastmoney.com/bbsj/zcfz/002513.html
188,002514,宝馨科技,详细  数据,1876万,3232万,1869万,1.38亿,-,2527万,3.45万,5583万,-,40.56,8181万,10-11,http://data.eastmoney.com/bbsj/zcfz/002514.html
189,300325,德威新材,详细  数据,1.05亿,6269万,2689万,2.99亿,-,3126万,415万,1.51亿,-,50.44,1.48亿,10-08,http://data.eastmoney.com/bbsj/zcfz/300325.html
190,300133,华策影视,详细  数据,1453万,1433万,4532万,8551万,-,2084万,1090万,3282万,-,38.38,5269万,09-27,http://data.eastmoney.com/bbsj/zcfz/300133.html
191,300132,青松股份,详细  数据,532万,1768万,5552万,1.78亿,-,968万,30.09万,1.24亿,-,69.45,5440万,09-27,http://data.eastmoney.com/bbsj/zcfz/300132.html
192,300135,宝利国际,详细  数据,7602万,4891万,1574万,2.50亿,-,4907万,55.61万,1.25亿,-,49.88,1.26亿,09-27,http://data.eastmoney.com/bbsj/zcfz/300135.html
193,300134,大富科技,详细  数据,2904万,1.10亿,7013万,3.71亿,-,9975万,24.31万,2.39亿,-,64.43,1.32亿,09-27,http://data.eastmoney.com/bbsj/zcfz/300134.html
194,300331,苏大维格,详细  数据,1292万,2562万,1499万,8487万,-,2068万,39.92万,4592万,-,54.11,3894万,09-25,http://data.eastmoney.com/bbsj/zcfz/300331.html
195,002488,金固股份,详细  数据,4095万,2671万,4861万,3.07亿,-,2049万,503万,1.97亿,-,63.95,1.11亿,09-21,http://data.eastmoney.com/bbsj/zcfz/002488.html
196,002490,山东墨龙,详细  数据,2.74亿,2.34亿,5.95亿,22.69亿,56.0,1.98亿,5422万,14.29亿,55.8,62.99,8.40亿,09-21,http://data.eastmoney.com/bbsj/zcfz/002490.html
197,002489,浙江永强,详细  数据,3.96亿,3.18亿,3.35亿,15.93亿,12.4,2.80亿,24.22万,11.49亿,5.19,72.14,4.44亿,09-21,http://data.eastmoney.com/bbsj/zcfz/002489.html
198,002491,通鼎互联,详细  数据,1.86亿,1.82亿,1.26亿,6.96亿,-,3575万,1473万,4.17亿,-,59.99,2.78亿,09-21,http://data.eastmoney.com/bbsj/zcfz/002491.html
199,601992,金隅集团,详细  数据,17.00亿,11.93亿,47.47亿,186亿,53.3,14.62亿,19.92亿,159亿,55.6,85.53,26.88亿,09-17,http://data.eastmoney.com/bbsj/zcfz/601992.html
200,300131,英唐智控,详细  数据,291万,2454万,2516万,5792万,-,1655万,-,3141万,-,54.23,2651万,09-17,http://data.eastmoney.com/bbsj/zcfz/300131.html
201,300129,泰胜风能,详细  数据,4438万,1813万,5666万,2.23亿,-,2142万,4544万,1.50亿,-,67.26,7292万,09-17,http://data.eastmoney.com/bbsj/zcfz/300129.html
202,300130,新国都,详细  数据,1800万,1158万,988万,7291万,-,650万,52.32万,2118万,-,29.04,5174万,09-17,http://data.eastmoney.com/bbsj/zcfz/300130.html
203,002485,希努尔,详细  数据,1370万,5386万,3.08亿,6.74亿,-,1.33亿,6447万,4.71亿,-,69.89,2.03亿,09-14,http://data.eastmoney.com/bbsj/zcfz/002485.html
204,002487,大金重工,详细  数据,1059万,3694万,3632万,1.58亿,-,1698万,1020万,9017万,-,57.06,6785万,09-14,http://data.eastmoney.com/bbsj/zcfz/002487.html
205,002486,嘉麟杰,详细  数据,4079万,2943万,8672万,4.36亿,-,3776万,66.11万,2.07亿,-,47.63,2.28亿,09-14,http://data.eastmoney.com/bbsj/zcfz/002486.html
206,601800,中国交建,详细  数据,229亿,245亿,340亿,1712亿,29.2,321亿,231亿,1130亿,25.1,65.97,583亿,09-13,http://data.eastmoney.com/bbsj/zcfz/601800.html
207,601177,杭齿前进,详细  数据,1.10亿,1.52亿,5.00亿,17.20亿,-,3.57亿,5273万,11.91亿,-,69.24,5.29亿,09-10,http://data.eastmoney.com/bbsj/zcfz/601177.html
208,300128,锦富技术,详细  数据,4838万,7152万,2777万,1.77亿,-,4241万,58.37万,5452万,-,30.88,1.22亿,09-10,http://data.eastmoney.com/bbsj/zcfz/300128.html
209,300125,易世达,详细  数据,704万,667万,791万,5208万,-,887万,2066万,3806万,-,73.07,1402万,09-10,http://data.eastmoney.com/bbsj/zcfz/300125.html
210,300126,锐奇股份,详细  数据,1398万,1711万,6599万,1.95亿,-,6063万,453万,1.26亿,-,64.95,6823万,09-10,http://data.eastmoney.com/bbsj/zcfz/300126.html
211,300127,银河磁体,详细  数据,4117万,6741万,2472万,3.23亿,-,3175万,96.80万,1.17亿,-,36.31,2.06亿,09-10,http://data.eastmoney.com/bbsj/zcfz/300127.html
212,002483,润邦股份,详细  数据,3256万,647万,1.53亿,4.53亿,-,4792万,1.05亿,2.94亿,-,64.99,1.59亿,09-07,http://data.eastmoney.com/bbsj/zcfz/002483.html
213,002484,江海股份,详细  数据,6057万,1.38亿,1.14亿,5.48亿,-,9232万,62.26万,2.79亿,-,50.95,2.69亿,09-07,http://data.eastmoney.com/bbsj/zcfz/002484.html
214,002482,广田集团,详细  数据,8796万,7346万,8302万,4.00亿,-,4608万,9006万,2.54亿,-,63.38,1.47亿,09-07,http://data.eastmoney.com/bbsj/zcfz/002482.html
215,300124,汇川技术,详细  数据,4939万,1383万,3967万,1.23亿,-,1490万,1471万,3779万,-,30.77,8501万,09-03,http://data.eastmoney.com/bbsj/zcfz/300124.html
216,300122,智飞生物,详细  数据,1.37亿,4218万,755万,3.32亿,-,1716万,1291万,1.44亿,-,43.41,1.88亿,09-03,http://data.eastmoney.com/bbsj/zcfz/300122.html
217,601018,宁波港,详细  数据,23.08亿,3.56亿,1.82亿,172亿,18.5,4.90亿,9.90亿,47.62亿,9.38,27.69,124亿,09-03,http://data.eastmoney.com/bbsj/zcfz/601018.html
218,300123,亚光科技,详细  数据,777万,1039万,4175万,1.85亿,-,2133万,3854万,1.35亿,-,72.89,5014万,09-03,http://data.eastmoney.com/bbsj/zcfz/300123.html
219,002643,万润股份,详细  数据,694万,2591万,2.01亿,4.18亿,-,6307万,-,2.68亿,-,64.06,1.50亿,09-02,http://data.eastmoney.com/bbsj/zcfz/002643.html
220,002481,双塔食品,详细  数据,138万,1235万,1.35亿,2.66亿,-,1259万,349万,1.94亿,-,73.05,7162万,08-31,http://data.eastmoney.com/bbsj/zcfz/002481.html
221,002480,新筑股份,详细  数据,1.39亿,1.89亿,1.12亿,6.74亿,-,9850万,876万,4.16亿,-,61.68,2.58亿,08-31,http://data.eastmoney.com/bbsj/zcfz/002480.html
222,002479,富春环保,详细  数据,2515万,6939万,538万,6.93亿,-,7586万,389万,4.74亿,-,68.39,2.19亿,08-31,http://data.eastmoney.com/bbsj/zcfz/002479.html
223,002478,常宝股份,详细  数据,3.35亿,8266万,3.29亿,12.60亿,-,2.13亿,7186万,7.63亿,-,60.58,4.97亿,08-31,http://data.eastmoney.com/bbsj/zcfz/002478.html
224,300120,经纬辉开,详细  数据,1866万,3695万,2625万,1.29亿,-,471万,100万,7111万,-,54.94,5831万,08-27,http://data.eastmoney.com/bbsj/zcfz/300120.html
225,300119,瑞普生物,详细  数据,4745万,3406万,1883万,1.86亿,-,699万,303万,5026万,-,26.95,1.36亿,08-27,http://data.eastmoney.com/bbsj/zcfz/300119.html
226,300121,阳谷华泰,详细  数据,1995万,4615万,1548万,1.47亿,-,1708万,56.82万,9440万,-,64.24,5254万,08-27,http://data.eastmoney.com/bbsj/zcfz/300121.html
227,601996,丰林集团,详细  数据,1.40亿,3516万,1.54亿,8.66亿,-,4426万,2273万,3.52亿,-,40.60,5.14亿,08-26,http://data.eastmoney.com/bbsj/zcfz/601996.html
228,002477,雏鹰农牧,详细  数据,822万,2166万,8450万,2.57亿,-,256万,-,1.47亿,-,57.36,1.09亿,08-24,http://data.eastmoney.com/bbsj/zcfz/002477.html
229,002474,榕基软件,详细  数据,6568万,3982万,1685万,1.67亿,-4.81,1230万,771万,7002万,-36.8,41.92,9702万,08-24,http://data.eastmoney.com/bbsj/zcfz/002474.html
230,002475,立讯精密,详细  数据,1081万,1.39亿,5381万,3.48亿,-,5129万,372万,1.40亿,-,40.07,2.09亿,08-24,http://data.eastmoney.com/bbsj/zcfz/002475.html
231,002476,宝莫股份,详细  数据,1485万,2484万,1.24亿,3.52亿,-,9026万,1109万,2.21亿,-,62.66,1.32亿,08-24,http://data.eastmoney.com/bbsj/zcfz/002476.html
232,300329,海伦钢琴,详细  数据,2386万,5283万,4039万,2.04亿,-,1895万,609万,1.28亿,-,62.70,7620万,08-23,http://data.eastmoney.com/bbsj/zcfz/300329.html
233,002472,双环传动,详细  数据,651万,1.26亿,1.71亿,7.43亿,-,1.55亿,1465万,5.42亿,-,72.92,2.01亿,08-20,http://data.eastmoney.com/bbsj/zcfz/002472.html
234,002471,中超控股,详细  数据,2.65亿,1.57亿,1.33亿,6.99亿,-,7647万,1378万,5.42亿,-,77.44,1.58亿,08-20,http://data.eastmoney.com/bbsj/zcfz/002471.html
235,002473,*ST圣莱,详细  数据,7275万,1680万,1479万,1.25亿,-,1717万,398万,7730万,-,61.79,4780万,08-20,http://data.eastmoney.com/bbsj/zcfz/002473.html
236,601028,玉龙股份,详细  数据,2.55亿,1.08亿,4.67亿,14.80亿,-,3868万,1.11亿,10.08亿,-,68.12,4.72亿,08-19,http://data.eastmoney.com/bbsj/zcfz/601028.html
237,002469,三维工程,详细  数据,2482万,4875万,374万,1.25亿,-,830万,555万,4790万,-,38.47,7660万,08-17,http://data.eastmoney.com/bbsj/zcfz/002469.html
238,002467,二六三,详细  数据,1411万,4493万,14.66万,2.45亿,-2.69,1266万,2182万,4639万,-61.3,18.94,1.99亿,08-17,http://data.eastmoney.com/bbsj/zcfz/002467.html
239,002468,申通快递,详细  数据,2409万,1.34亿,1.25亿,5.48亿,-,9110万,214万,3.43亿,-,62.59,2.05亿,08-17,http://data.eastmoney.com/bbsj/zcfz/002468.html
240,002470,金正大,详细  数据,2.43亿,-,5.08亿,16.01亿,-,4641万,1.65亿,10.06亿,-,62.83,5.95亿,08-17,http://data.eastmoney.com/bbsj/zcfz/002470.html
241,300115,长盈精密,详细  数据,5455万,6135万,3886万,2.20亿,-,1662万,20.55万,8911万,-,40.58,1.30亿,08-13,http://data.eastmoney.com/bbsj/zcfz/300115.html
242,300116,坚瑞沃能,详细  数据,2502万,3419万,686万,8714万,-,2011万,935万,4940万,-,56.68,3775万,08-13,http://data.eastmoney.com/bbsj/zcfz/300116.html
243,300118,东方日升,详细  数据,2266万,1187万,3284万,1.73亿,-,3756万,3059万,1.39亿,-,80.20,3424万,08-13,http://data.eastmoney.com/bbsj/zcfz/300118.html
244,300117,嘉寓股份,详细  数据,7470万,1.27亿,1.30亿,4.95亿,24.7,5110万,6384万,3.21亿,13.1,64.84,1.74亿,08-13,http://data.eastmoney.com/bbsj/zcfz/300117.html
245,002464,众应互联,详细  数据,3363万,7599万,4037万,2.61亿,28.4,4958万,49.40万,1.17亿,12.0,44.92,1.44亿,08-10,http://data.eastmoney.com/bbsj/zcfz/002464.html
246,002466,天齐锂业,详细  数据,3668万,222万,9861万,2.89亿,-,3425万,648万,1.10亿,-,38.15,1.79亿,08-10,http://data.eastmoney.com/bbsj/zcfz/002466.html
247,002465,海格通信,详细  数据,3.88亿,1.08亿,5.99亿,16.15亿,-,1.39亿,4.65亿,9.45亿,-,58.53,6.70亿,08-10,http://data.eastmoney.com/bbsj/zcfz/002465.html
248,002615,哈尔斯,详细  数据,3116万,2323万,6810万,2.11亿,-,3293万,572万,1.34亿,-,63.50,7702万,08-09,http://data.eastmoney.com/bbsj/zcfz/002615.html
249,300112,万讯自控,详细  数据,578万,1583万,3609万,9627万,-,1947万,151万,2823万,-,29.33,6803万,08-06,http://data.eastmoney.com/bbsj/zcfz/300112.html
250,300113,顺网科技,详细  数据,195万,140万,-,417万,-,-,1.00万,100万,-,24.02,317万,08-06,http://data.eastmoney.com/bbsj/zcfz/300113.html
251,300114,中航电测,详细  数据,4305万,4529万,1268万,2.85亿,-,3691万,990万,1.70亿,-,59.66,1.15亿,08-06,http://data.eastmoney.com/bbsj/zcfz/300114.html
252,300111,向日葵,详细  数据,3959万,1660万,1.40亿,5.55亿,-,2141万,170万,4.52亿,-,81.39,1.03亿,08-06,http://data.eastmoney.com/bbsj/zcfz/300111.html
253,300109,新开源,详细  数据,509万,1076万,2031万,6666万,-,718万,41.56万,4884万,-,73.27,1782万,08-03,http://data.eastmoney.com/bbsj/zcfz/300109.html
254,300110,华仁药业,详细  数据,1344万,8566万,2450万,3.62亿,-,1317万,98.53万,1.78亿,-,49.01,1.85亿,08-03,http://data.eastmoney.com/bbsj/zcfz/300110.html
255,300108,吉药控股,详细  数据,1496万,954万,349万,5525万,-,180万,24.94万,1005万,-,18.19,4520万,08-03,http://data.eastmoney.com/bbsj/zcfz/300108.html
256,300107,建新股份,详细  数据,420万,3722万,1887万,1.56亿,-,1385万,14.32万,8121万,-,51.92,7519万,07-30,http://data.eastmoney.com/bbsj/zcfz/300107.html
257,300105,龙源技术,详细  数据,7118万,1.23亿,1.81亿,4.39亿,-,1.10亿,1.53亿,3.02亿,-,68.92,1.36亿,07-30,http://data.eastmoney.com/bbsj/zcfz/300105.html
258,300106,西部牧业,详细  数据,1011万,2144万,2687万,2.26亿,-,1351万,23.82万,1.33亿,-,58.81,9321万,07-30,http://data.eastmoney.com/bbsj/zcfz/300106.html
259,002462,嘉事堂,详细  数据,9679万,1.13亿,9719万,8.59亿,-,1.09亿,139万,2.81亿,-,32.74,5.77亿,07-27,http://data.eastmoney.com/bbsj/zcfz/002462.html
260,002463,沪电股份,详细  数据,2.88亿,6.36亿,4.24亿,26.91亿,-,7.22亿,423万,15.79亿,-,58.66,11.13亿,07-27,http://data.eastmoney.com/bbsj/zcfz/002463.html
261,002461,珠江啤酒,详细  数据,3.93亿,1.89亿,5.09亿,47.49亿,37.2,4.33亿,4183万,20.60亿,16.9,43.37,26.90亿,07-27,http://data.eastmoney.com/bbsj/zcfz/002461.html
262,300102,乾照光电,详细  数据,2748万,4128万,1593万,1.60亿,-,1557万,216万,1.23亿,-,76.84,3711万,07-23,http://data.eastmoney.com/bbsj/zcfz/300102.html
263,601718,际华集团,详细  数据,9.58亿,6.28亿,24.68亿,75.22亿,-,14.49亿,6.68亿,60.06亿,-,79.85,15.16亿,07-23,http://data.eastmoney.com/bbsj/zcfz/601718.html
264,300103,达刚路机,详细  数据,6020万,2010万,1615万,1.27亿,-,1071万,341万,5351万,-,41.99,7391万,07-23,http://data.eastmoney.com/bbsj/zcfz/300103.html
265,300104,乐视网,详细  数据,166万,756万,44.29万,6434万,-,122万,3000,472万,-,7.34,5962万,07-23,http://data.eastmoney.com/bbsj/zcfz/300104.html
266,002458,益生股份,详细  数据,1214万,889万,1778万,2.32亿,-,1625万,1029万,1.25亿,-,53.84,1.07亿,07-20,http://data.eastmoney.com/bbsj/zcfz/002458.html
267,002460,赣锋锂业,详细  数据,1280万,3644万,4512万,2.00亿,-,1481万,323万,8020万,-,40.05,1.20亿,07-20,http://data.eastmoney.com/bbsj/zcfz/002460.html
268,002459,天业通联,详细  数据,3774万,1.55亿,1.36亿,4.51亿,-,8803万,2.08亿,3.93亿,-,87.14,5804万,07-20,http://data.eastmoney.com/bbsj/zcfz/002459.html
269,300100,双林股份,详细  数据,3597万,8395万,1.02亿,4.55亿,-,5096万,220万,2.58亿,-,56.70,1.97亿,07-16,http://data.eastmoney.com/bbsj/zcfz/300100.html
270,300099,精准信息,详细  数据,711万,3265万,344万,6657万,-,1239万,24.04万,3766万,-,56.58,2891万,07-16,http://data.eastmoney.com/bbsj/zcfz/300099.html
271,300101,振芯科技,详细  数据,7941万,2667万,4521万,2.02亿,-,2583万,8851万,1.29亿,-,63.91,7306万,07-16,http://data.eastmoney.com/bbsj/zcfz/300101.html
272,002457,青龙管业,详细  数据,9341万,1.03亿,1.45亿,5.50亿,-,9550万,6070万,2.77亿,-,50.34,2.73亿,07-13,http://data.eastmoney.com/bbsj/zcfz/002457.html
273,002456,欧菲科技,详细  数据,1501万,3967万,1909万,2.45亿,-,1085万,500万,8816万,-,35.92,1.57亿,07-13,http://data.eastmoney.com/bbsj/zcfz/002456.html
274,002455,百川股份,详细  数据,1.01亿,6439万,1.09亿,5.06亿,-1.46,9282万,2057万,3.60亿,-19.8,71.09,1.46亿,07-13,http://data.eastmoney.com/bbsj/zcfz/002455.html
275,601717,郑煤机,详细  数据,3.51亿,5.06亿,10.16亿,24.56亿,-,2.64亿,11.18亿,20.03亿,-,81.55,4.53亿,07-09,http://data.eastmoney.com/bbsj/zcfz/601717.html
276,300097,智云股份,详细  数据,718万,2283万,4675万,1.23亿,-,729万,5308万,8224万,-,66.83,4082万,07-08,http://data.eastmoney.com/bbsj/zcfz/300097.html
277,300098,高新兴,详细  数据,6964万,3487万,1647万,1.28亿,-,2038万,1.60万,3217万,-,25.18,9558万,07-08,http://data.eastmoney.com/bbsj/zcfz/300098.html
278,300095,华伍股份,详细  数据,1989万,2239万,7724万,3.07亿,-,1973万,90.57万,1.67亿,-,54.46,1.40亿,07-08,http://data.eastmoney.com/bbsj/zcfz/300095.html
279,300096,易联众,详细  数据,3451万,2786万,1315万,1.02亿,-,2290万,679万,3841万,-,37.70,6348万,07-08,http://data.eastmoney.com/bbsj/zcfz/300096.html
280,002569,步森股份,详细  数据,5319万,7662万,8093万,3.13亿,-,5862万,1679万,2.01亿,-,64.28,1.12亿,07-08,http://data.eastmoney.com/bbsj/zcfz/002569.html
281,002595,豪迈科技,详细  数据,4941万,8453万,6402万,4.03亿,-,3569万,4408万,1.83亿,-,45.58,2.19亿,07-08,http://data.eastmoney.com/bbsj/zcfz/002595.html
282,002614,奥佳华,详细  数据,1.12亿,8194万,1.28亿,5.66亿,-,2.80亿,481万,3.81亿,-,67.21,1.86亿,07-08,http://data.eastmoney.com/bbsj/zcfz/002614.html
283,002451,摩恩电气,详细  数据,4544万,9460万,917万,2.76亿,-,3230万,1413万,1.28亿,-,46.37,1.48亿,06-29,http://data.eastmoney.com/bbsj/zcfz/002451.html
284,002452,长高集团,详细  数据,6710万,1.33亿,4119万,3.38亿,-,9416万,289万,1.83亿,-,54.25,1.54亿,06-29,http://data.eastmoney.com/bbsj/zcfz/002452.html
285,002453,华软科技,详细  数据,2616万,7082万,2735万,2.93亿,-,5950万,77.99万,1.59亿,-,54.40,1.34亿,06-29,http://data.eastmoney.com/bbsj/zcfz/002453.html
286,002454,松芝股份,详细  数据,4573万,2.62亿,9982万,7.24亿,-9.41,1.08亿,292万,4.33亿,19.1,59.83,2.91亿,06-29,http://data.eastmoney.com/bbsj/zcfz/002454.html
287,002449,国星光电,详细  数据,7857万,7995万,1.16亿,5.20亿,-,1.23亿,2750万,2.76亿,-,53.07,2.44亿,06-25,http://data.eastmoney.com/bbsj/zcfz/002449.html
288,002448,中原内配,详细  数据,3469万,7746万,1.25亿,6.44亿,19.1,9523万,957万,4.17亿,2.66,64.65,2.28亿,06-25,http://data.eastmoney.com/bbsj/zcfz/002448.html
289,002450,康得新,详细  数据,3476万,2171万,1959万,2.51亿,-,693万,56.41万,1.03亿,-,40.91,1.48亿,06-25,http://data.eastmoney.com/bbsj/zcfz/002450.html
290,002445,中南文化,详细  数据,8760万,9507万,6839万,3.57亿,-,4494万,4061万,2.18亿,-,61.01,1.39亿,06-22,http://data.eastmoney.com/bbsj/zcfz/002445.html
291,002447,晨鑫科技,详细  数据,1577万,233万,1365万,1.72亿,-,2463万,-,7200万,-,41.90,9985万,06-22,http://data.eastmoney.com/bbsj/zcfz/002447.html
292,002444,巨星科技,详细  数据,2.06亿,3.30亿,7982万,7.99亿,-,2.44亿,890万,5.47亿,-,68.38,2.53亿,06-22,http://data.eastmoney.com/bbsj/zcfz/002444.html
293,002446,盛路通信,详细  数据,2849万,1.18亿,5034万,3.12亿,16.4,1.53亿,410万,2.07亿,6.09,66.25,1.05亿,06-22,http://data.eastmoney.com/bbsj/zcfz/002446.html
294,603003,龙宇燃油,详细  数据,1170万,4187万,5198万,3.52亿,-,1045万,4537万,2.02亿,-,57.47,1.50亿,06-21,http://data.eastmoney.com/bbsj/zcfz/603003.html
295,300093,金刚玻璃,详细  数据,1741万,7325万,1312万,2.93亿,-,1636万,85.38万,1.61亿,-,54.92,1.32亿,06-18,http://data.eastmoney.com/bbsj/zcfz/300093.html
296,300092,科新机电,详细  数据,389万,1780万,3780万,1.37亿,-,1119万,1291万,5558万,-,40.45,8182万,06-18,http://data.eastmoney.com/bbsj/zcfz/300092.html
297,300094,国联水产,详细  数据,5268万,3.01亿,1.41亿,8.06亿,-,9288万,581万,5.12亿,-,63.55,2.94亿,06-18,http://data.eastmoney.com/bbsj/zcfz/300094.html
298,300305,裕兴股份,详细  数据,1670万,1013万,785万,1.70亿,-,166万,99.07万,1.31亿,-,76.89,3923万,06-17,http://data.eastmoney.com/bbsj/zcfz/300305.html
299,002440,闰土股份,详细  数据,2.17亿,3.63亿,4.25亿,17.86亿,-,1.50亿,1336万,11.48亿,-,64.28,6.38亿,06-10,http://data.eastmoney.com/bbsj/zcfz/002440.html
300,002443,金洲管道,详细  数据,2.78亿,1.66亿,3.61亿,12.04亿,-,1.08亿,6060万,8.95亿,-,74.32,3.09亿,06-10,http://data.eastmoney.com/bbsj/zcfz/002443.html
